a√±o,trimestre,llamante,almeria,cadiz,cordoba,granada,huelva,jaen,malaga,sevilla,huesca,teruel,zaragoza,asturias,illes balears,las palmas,santa cruz de tenerife,cantabria,avila,burgos,leon,palencia,salamanca,segovia,soria,valladolid,zamora,albacete,ciudad real,cuenca,guadalajara,toledo,barcelona,girona,lleida,tarragona,alicante/alacant,castellon/castello,valencia/valencia,badajoz,caceres,a coruna,lugo,ourense,pontevedra,madrid,murcia,navarra,araba/alava,bizkaia,gipuzkoa,la rioja,ceuta,melilla,no consta
2007,tercero,usuaria,3,2,7,6,4,0,8,16,1,0,4,5,6,20,6,8,3,0,2,2,1,0,1,2,0,0,0,0,1,1,27,3,1,4,8,2,4,3,4,5,0,2,2,99,6,4,1,2,1,0,1,1,16
2007,tercero,familiar,0,0,3,1,2,0,5,9,0,0,0,2,1,3,0,1,1,0,0,1,0,0,0,6,0,0,0,0,0,1,5,0,0,1,5,0,4,2,1,1,0,0,1,30,1,0,0,2,0,0,0,1,3
2007,tercero,desconocido,0,0,0,1,2,2,1,1,1,1,0,1,1,0,0,0,0,1,2,0,0,0,0,1,0,0,0,1,0,1,1,0,0,4,2,0,1,0,0,1,0,0,0,20,1,0,1,1,0,0,0,0,3
2007,cuarto,usuaria,150,187,155,250,82,131,357,608,37,40,152,248,309,365,298,177,60,65,128,44,80,48,25,159,36,50,93,34,35,180,1229,90,83,134,498,102,592,160,78,317,56,64,157,3368,386,123,62,195,76,49,22,18,123
2007,cuarto,familiar,27,44,26,41,17,17,78,135,8,2,35,51,43,71,49,23,12,10,16,8,25,1,8,22,2,13,23,7,9,36,247,24,15,21,75,21,125,26,19,45,9,1,33,604,61,32,16,38,19,12,2,3,28
2007,cuarto,desconocido,1,7,6,6,2,4,6,14,3,0,6,6,8,9,7,3,1,4,5,0,5,0,0,5,1,2,4,2,1,7,32,0,1,3,10,3,21,8,3,14,4,1,8,93,5,2,4,5,3,1,1,0,18
2008,primero,usuaria,215,341,183,303,183,180,551,783,58,20,243,349,353,460,424,225,55,77,171,42,82,39,27,145,59,121,157,58,77,272,1816,174,96,227,648,128,861,192,148,329,100,71,219,4173,466,157,52,279,101,84,13,53,91
2008,primero,familiar,41,69,46,69,23,31,113,127,6,3,65,45,66,94,73,26,8,10,30,8,6,2,1,35,11,15,24,7,14,44,290,25,10,32,109,31,134,44,20,65,9,4,56,719,77,22,13,60,33,18,4,13,10
2008,primero,desconocido,4,5,2,9,3,6,12,29,1,0,7,9,10,9,8,4,2,0,3,1,3,1,0,1,0,1,3,5,4,16,31,4,0,4,20,2,33,3,7,7,1,0,3,95,15,5,1,13,0,3,0,7,8
2008,segundo,usuaria,153,336,150,258,128,124,482,649,47,23,196,268,381,455,414,162,55,51,159,23,72,25,22,151,35,79,99,47,80,195,1600,139,67,202,577,113,881,183,137,275,98,71,195,3539,424,159,39,195,82,67,31,32,0
2008,segundo,familiar,35,60,34,52,21,24,113,130,8,1,42,57,59,90,83,37,8,15,37,8,16,12,4,35,11,18,27,6,9,35,324,22,16,40,122,26,195,30,23,41,11,7,48,746,87,34,8,53,22,15,10,5,0
2008,segundo,desconocido,8,7,2,7,10,3,12,23,1,1,5,9,15,11,12,7,1,6,17,2,4,0,0,5,0,4,1,6,5,6,45,2,0,6,32,4,24,4,7,8,0,3,6,113,11,2,1,3,3,2,1,2,0
2008,tercero,usuaria,191,372,220,312,159,185,533,665,29,21,228,285,438,444,369,183,68,64,111,29,60,51,19,164,42,61,114,58,71,239,1627,164,72,242,631,172,836,241,118,280,99,53,223,3677,596,137,51,222,77,75,29,33,0
2008,tercero,familiar,58,94,36,80,28,25,144,177,10,4,47,62,102,132,98,35,13,15,34,15,30,16,6,41,18,8,31,10,16,51,352,45,13,58,124,46,230,36,40,87,11,9,69,959,116,33,16,38,24,26,5,8,0
2008,tercero,desconocido,5,18,14,14,1,4,12,28,6,0,6,12,14,7,9,5,4,1,4,1,1,0,0,2,1,4,9,2,5,7,57,3,1,15,29,5,43,9,4,12,1,4,7,124,25,3,0,11,4,1,0,1,0
2008,cuarto,usuaria,177,264,150,266,109,115,423,640,36,24,209,234,340,471,384,160,45,63,125,27,74,40,19,141,22,79,97,40,59,178,1459,150,53,200,475,106,773,151,97,294,80,52,189,3132,395,125,66,165,84,83,27,37,0
2008,cuarto,familiar,41,60,38,69,32,38,146,172,10,5,66,71,84,110,83,51,13,28,37,7,28,8,3,38,9,20,23,6,20,38,341,30,11,50,99,27,173,45,34,61,16,16,48,937,119,40,20,65,27,18,16,9,0
2008,cuarto,desconocido,8,7,7,16,4,1,22,19,4,6,12,7,14,19,13,10,3,0,7,3,1,3,1,3,2,2,3,1,2,5,55,2,4,4,31,2,29,4,2,9,1,2,3,93,20,5,2,8,2,3,0,2,0
2009,primero,usuaria,185,275,135,222,99,126,433,574,42,11,227,298,292,426,401,201,41,104,119,36,88,26,12,162,50,77,134,49,47,178,1439,124,68,178,467,130,736,182,114,288,78,48,202,3087,417,140,42,187,89,79,25,37,0
2009,primero,familiar,45,75,28,52,27,57,93,141,15,5,59,65,70,107,90,36,8,19,31,8,20,2,3,48,19,15,25,7,10,47,333,18,16,41,108,24,129,38,16,76,30,18,74,882,116,46,11,67,31,26,3,17,0
2009,primero,desconocido,4,6,7,9,8,5,17,31,0,0,11,5,15,12,12,3,1,1,5,2,7,3,0,3,1,3,5,3,1,9,52,2,0,4,17,3,22,11,5,2,1,1,1,114,17,8,1,5,1,1,0,1,0
2009,segundo,usuaria,151,238,194,267,102,133,443,521,38,19,207,257,272,445,395,116,41,93,135,29,91,34,10,180,46,61,110,31,52,160,1379,138,71,180,549,147,699,169,97,269,63,61,166,3233,399,155,46,180,67,50,23,24,0
2009,segundo,familiar,32,72,33,47,27,32,116,122,15,3,41,68,69,117,120,36,13,17,26,6,20,11,4,37,3,18,21,6,17,41,260,37,13,38,111,26,152,47,24,56,13,18,45,830,128,28,13,41,17,20,2,8,0
2009,segundo,desconocido,6,12,6,11,8,5,15,18,7,3,16,9,10,9,22,6,1,1,3,0,0,1,0,5,0,5,6,3,3,8,61,2,1,10,19,1,34,7,1,4,3,6,4,91,26,5,2,1,5,2,2,2,0
2009,tercero,usuaria,154,270,179,278,116,124,467,567,27,16,202,252,313,454,411,175,45,82,130,21,98,33,9,160,61,71,111,33,68,228,1497,123,56,182,585,149,799,166,114,282,120,61,210,3265,405,126,47,207,89,57,14,25,0
2009,tercero,familiar,48,77,52,61,29,34,115,162,14,7,63,77,88,147,98,40,14,14,31,17,29,14,4,34,16,24,21,11,17,62,371,29,19,50,129,40,182,34,21,87,14,18,53,875,120,48,13,63,35,18,5,6,0
2009,tercero,desconocido,5,7,6,8,5,7,21,32,1,2,20,3,12,10,9,6,2,2,2,0,3,0,0,5,1,3,3,4,5,13,57,4,2,6,23,6,25,4,7,5,2,3,3,76,9,3,1,5,4,2,2,0,0
2009,cuarto,usuaria,125,264,152,212,98,113,399,558,30,18,193,300,231,495,442,170,26,80,102,22,75,38,32,151,36,67,107,27,60,190,1332,85,63,182,497,133,667,200,70,269,33,58,154,2923,322,153,39,217,69,48,8,26,0
2009,cuarto,familiar,74,99,64,90,44,57,128,215,8,2,77,79,78,193,149,49,11,29,50,8,25,15,4,54,16,25,38,14,20,42,434,43,17,54,121,47,235,51,30,84,11,7,80,971,101,59,14,82,34,16,6,8,0
2009,cuarto,desconocido,5,2,6,8,2,9,15,14,5,0,10,5,9,16,13,3,1,0,6,2,3,1,2,5,2,5,3,1,4,6,46,0,1,0,21,7,38,6,3,11,0,1,3,91,9,5,1,5,2,2,0,0,0
2010,primero,usuaria,115,201,152,225,85,110,367,484,42,32,164,204,242,346,368,121,39,72,112,33,92,26,16,131,54,60,96,34,70,169,1130,110,58,155,421,94,592,133,83,222,68,47,170,2687,287,146,21,182,68,52,8,32,0
2010,primero,familiar,52,100,52,114,25,41,139,190,12,3,69,66,88,142,134,42,16,26,29,11,29,9,1,53,22,24,37,2,20,59,356,29,11,41,136,27,214,53,29,71,18,7,72,856,92,48,19,61,28,25,7,7,0
2010,primero,desconocido,2,10,3,7,11,3,12,20,2,1,6,13,3,11,8,8,0,6,5,1,2,0,0,2,1,2,2,2,4,12,35,1,3,6,12,3,21,7,5,5,1,3,7,75,10,3,0,5,1,1,3,4,0
2010,segundo,usuaria,154,226,156,227,83,125,411,560,36,14,164,229,275,410,362,129,38,70,108,22,100,24,16,152,55,56,90,24,64,188,1226,114,55,193,486,112,730,157,85,264,76,52,183,2880,391,144,40,175,81,54,12,11,0
2010,segundo,familiar,66,106,80,115,47,79,191,261,13,3,69,73,109,143,121,60,18,29,30,13,27,18,2,58,19,35,35,14,22,54,502,42,18,59,175,41,237,69,40,95,15,18,77,1121,125,64,19,72,33,21,6,13,0
2010,segundo,desconocido,7,9,7,10,4,4,18,25,0,2,13,6,15,16,12,5,1,4,3,1,3,0,0,4,1,7,4,4,3,6,43,0,0,5,27,10,37,7,4,3,2,4,6,162,11,2,6,7,1,6,2,0,0
2010,tercero,usuaria,150,230,142,238,93,104,472,587,32,22,227,273,303,442,374,157,45,90,116,42,98,36,14,181,62,77,121,27,81,167,1231,113,47,151,431,136,674,212,111,252,63,77,208,2881,462,172,52,164,75,71,10,18,0
2010,tercero,familiar,64,99,68,106,38,57,205,278,7,6,75,104,131,163,129,53,21,27,46,13,27,13,4,49,23,34,46,14,32,76,527,52,20,73,224,50,249,66,39,109,26,24,81,987,137,63,23,78,37,33,4,9,0
2010,tercero,desconocido,5,18,3,10,4,6,20,23,0,0,11,7,18,15,11,5,0,0,2,3,3,0,0,5,1,4,3,1,2,9,51,1,0,7,24,6,33,3,4,12,2,1,11,135,13,9,5,6,1,2,0,4,0
2010,cuarto,usuaria,137,219,141,256,111,94,340,495,29,8,163,240,237,373,375,176,47,62,127,24,98,28,18,156,51,61,110,37,73,171,1130,102,54,128,449,114,601,159,95,274,46,44,158,2750,296,167,36,190,82,70,16,26,0
2010,cuarto,familiar,63,116,68,135,52,59,209,246,10,4,95,118,91,168,114,51,9,34,55,21,31,12,5,70,19,24,45,21,23,76,502,43,25,70,181,49,266,55,51,102,20,23,59,1108,120,56,19,123,51,29,4,8,0
2010,cuarto,desconocido,6,15,10,4,3,4,14,36,3,2,19,13,12,23,20,4,3,2,2,0,2,2,0,2,2,1,8,3,3,9,56,1,0,5,29,7,19,15,4,13,2,2,5,163,11,2,0,12,4,3,0,0,0
2011,primero,usuaria,146,289,186,306,131,125,474,586,36,8,191,245,267,390,370,171,40,55,92,21,98,43,23,126,38,62,118,33,62,201,1247,99,48,153,462,128,660,168,119,258,64,45,216,2723,333,136,43,184,97,57,23,31,0
2011,primero,familiar,47,81,66,79,40,53,164,214,7,1,64,120,82,173,127,76,13,42,44,14,30,23,6,70,22,16,38,6,27,41,383,47,13,46,132,36,211,62,30,103,17,20,70,901,141,52,25,65,31,32,8,10,0
2011,primero,desconocido,4,12,4,13,0,4,19,29,1,5,11,15,12,10,10,4,0,2,4,0,7,3,1,1,0,3,3,3,5,8,37,5,4,6,22,8,27,6,4,12,4,1,7,142,15,8,3,1,3,1,0,0,0
2011,segundo,usuaria,162,260,147,254,122,130,476,581,31,14,190,296,278,373,314,147,39,49,96,21,74,30,8,142,49,80,106,36,63,155,1244,108,44,138,470,119,695,166,96,233,54,61,181,2642,305,130,26,165,83,62,16,28,0
2011,segundo,familiar,58,92,67,86,51,51,140,212,13,5,62,100,111,151,100,59,16,24,29,9,26,13,3,59,10,18,39,17,15,50,324,21,15,34,128,25,188,59,47,87,20,23,73,830,118,59,14,75,39,41,5,4,0
2011,segundo,desconocido,4,18,6,5,6,2,22,24,0,0,9,9,15,12,10,4,2,1,3,3,3,4,0,6,1,1,2,6,2,10,37,1,0,2,18,3,35,6,9,13,1,2,4,158,17,4,2,9,3,0,0,1,0
2011,tercero,usuaria,180,308,189,290,125,132,483,703,22,26,197,267,275,464,335,198,28,82,100,32,92,29,14,178,26,81,115,51,72,226,1214,126,54,170,521,115,780,187,128,281,73,47,212,2871,363,176,54,210,101,74,20,30,0
2011,tercero,familiar,77,121,69,87,50,45,140,201,5,12,74,106,99,161,115,56,14,36,35,12,35,15,8,67,16,34,36,8,24,59,347,37,14,48,156,44,188,68,33,89,20,18,59,782,126,54,20,58,37,27,8,4,0
2011,tercero,desconocido,9,15,8,6,3,2,13,26,0,0,11,12,10,10,12,2,2,3,3,3,1,5,0,4,1,2,6,5,3,10,29,2,2,4,15,4,22,2,3,7,3,1,3,117,15,9,4,5,3,0,4,2,0
2011,cuarto,usuaria,173,345,196,310,136,173,589,721,39,16,248,367,301,457,383,160,36,102,137,30,90,38,18,152,46,91,125,41,62,226,1622,128,69,185,641,177,859,182,94,272,86,57,248,3265,410,140,54,269,130,84,23,20,0
2011,cuarto,familiar,48,96,55,95,45,62,190,250,11,4,78,112,98,153,134,71,19,30,43,20,23,12,6,53,11,17,28,21,23,60,486,30,31,59,133,46,226,70,38,117,31,18,95,983,137,53,24,92,47,30,9,3,0
2011,cuarto,desconocido,4,10,2,9,2,4,23,25,2,0,12,11,11,18,11,6,2,3,1,1,1,1,1,3,0,3,2,4,2,5,29,1,0,5,25,5,27,1,6,11,0,1,1,104,9,3,1,9,7,2,1,3,0
2012,primero,usuaria,132,229,150,257,105,114,361,540,20,11,156,238,230,336,278,141,50,74,117,31,89,32,13,115,33,49,108,40,55,176,1155,132,72,119,444,143,615,135,100,252,62,67,146,2455,280,134,57,166,70,44,24,28,0
2012,primero,familiar,51,58,57,81,31,52,139,150,8,6,53,95,78,120,91,35,24,26,45,5,27,13,6,40,16,19,36,10,10,47,325,31,19,32,123,35,140,55,30,83,19,25,69,711,84,58,22,57,33,28,3,6,0
2012,primero,desconocido,3,4,7,7,4,6,12,16,5,0,6,3,10,9,13,0,1,1,2,1,1,0,1,3,2,2,3,1,2,5,22,0,1,5,17,1,29,10,4,7,2,3,6,96,7,3,0,3,1,1,0,1,0
2012,segundo,usuaria,125,230,123,247,84,129,407,556,19,7,164,220,258,328,301,133,39,73,92,14,67,21,19,107,34,46,80,23,57,193,1165,128,71,132,442,118,699,164,89,227,61,53,148,2469,310,135,52,144,84,36,36,24,0
2012,segundo,familiar,43,69,51,69,34,39,129,170,8,2,43,82,86,127,78,32,13,18,19,8,31,19,2,53,14,20,26,10,17,48,337,25,14,32,112,39,169,52,23,82,15,20,38,755,110,39,10,54,19,16,4,2,0
2012,segundo,desconocido,4,12,5,10,2,1,15,12,0,2,5,5,10,7,6,1,4,4,2,0,1,2,0,4,1,4,4,3,2,13,24,1,2,2,13,6,19,6,2,5,3,2,1,103,8,4,1,4,3,2,0,0,0
2012,tercero,usuaria,139,262,145,239,99,141,445,538,19,19,182,216,253,349,342,120,33,53,79,22,57,23,9,151,33,53,82,39,43,171,1115,109,68,150,484,146,710,154,105,176,45,38,151,2259,290,122,35,151,90,38,19,29,0
2012,tercero,familiar,38,84,34,66,36,32,115,181,15,3,38,75,66,129,115,39,12,20,22,8,23,15,4,34,17,15,24,8,11,37,289,21,12,41,128,32,175,43,18,71,15,12,51,641,103,37,8,45,19,16,2,3,0
2012,tercero,desconocido,4,12,6,9,2,7,16,14,2,1,9,7,5,13,13,1,0,2,1,1,3,2,0,6,0,2,2,3,3,3,22,0,1,1,12,7,13,7,1,5,3,0,5,77,7,3,0,1,0,1,0,0,0
2012,cuarto,usuaria,96,197,105,159,79,94,307,413,23,6,123,178,168,366,286,80,53,54,73,19,67,26,9,80,34,67,83,22,39,142,866,63,43,123,365,93,436,124,96,213,53,38,133,1958,248,116,39,130,77,44,8,26,0
2012,cuarto,familiar,31,67,61,58,30,32,117,165,12,5,42,78,69,120,95,36,18,20,28,6,14,13,3,39,15,20,32,8,8,33,302,21,17,32,103,23,160,53,30,64,20,18,39,735,73,43,20,63,22,12,7,8,0
2012,cuarto,desconocido,1,5,4,6,3,8,11,14,3,1,11,3,3,6,4,3,1,0,0,1,1,1,1,1,0,0,0,1,2,5,11,2,1,1,13,7,22,3,5,6,1,0,3,76,7,2,0,3,3,1,1,1,0
2013,primero,usuaria,98,181,96,128,73,85,276,414,19,10,127,172,173,279,265,75,50,47,104,20,69,15,8,101,37,46,65,23,41,118,793,77,38,110,301,88,522,126,95,187,45,38,152,2035,200,90,31,129,53,36,4,12,0
2013,primero,familiar,35,95,61,74,45,43,138,231,5,10,64,87,60,116,113,42,19,32,34,9,30,21,4,37,10,16,44,10,23,46,355,35,16,34,134,32,186,33,33,98,24,19,47,895,69,34,17,74,35,22,4,6,0
2013,primero,desconocido,2,7,4,7,2,1,10,10,3,0,7,13,10,7,12,4,0,1,0,2,2,2,4,4,0,3,3,1,3,4,19,0,0,3,11,2,20,6,5,6,1,0,5,65,8,4,1,8,2,0,0,1,0
2013,segundo,usuaria,104,196,115,176,88,130,337,483,24,16,148,224,192,324,298,120,23,73,73,24,58,23,20,161,41,47,90,18,41,134,883,88,32,124,329,118,534,144,89,201,48,49,154,1965,233,116,41,122,51,63,9,14,0
2013,segundo,familiar,80,139,93,119,49,81,204,366,22,6,77,83,86,141,132,42,20,18,42,13,25,14,4,50,8,35,42,13,32,76,441,34,17,47,164,28,283,52,45,88,25,24,67,995,118,62,26,81,40,29,8,5,0
2013,segundo,desconocido,8,5,4,11,11,2,15,24,1,1,12,5,15,13,9,3,2,2,3,3,3,0,0,3,1,1,1,2,1,8,15,2,1,1,17,6,22,6,3,4,2,3,6,87,7,6,2,3,5,2,0,0,0
2013,tercero,usuaria,121,221,147,197,104,111,375,582,29,19,175,230,224,328,250,143,46,53,102,37,57,16,12,135,28,40,95,32,65,134,869,86,43,136,424,102,525,219,105,205,45,48,160,2299,253,117,26,119,57,47,15,8,6
2013,tercero,familiar,61,136,83,122,52,66,186,277,11,5,65,94,95,116,121,38,16,28,33,15,39,9,11,56,18,23,36,23,19,68,412,24,17,54,191,41,213,66,28,80,32,19,56,899,112,51,19,57,23,18,9,10,2
2013,tercero,desconocido,6,9,2,8,5,1,16,25,0,4,4,8,14,11,11,6,3,0,5,1,1,1,1,5,0,3,4,3,3,4,14,2,0,2,17,4,22,4,3,2,1,4,6,65,8,3,1,2,2,0,2,0,1
2013,cuarto,desconocido,0,0,0,1,0,0,1,1,0,0,0,0,0,0,1,0,0,0,0,0,0,0,0,0,0,0,0,0,0,0,1,0,0,0,0,0,1,0,0,0,0,0,0,0,0,0,0,0,0,0,0,0,0
2013,cuarto,usuaria,130,246,210,245,130,165,440,627,19,12,219,285,271,416,389,171,100,97,107,30,71,18,8,172,32,89,90,39,59,162,1158,99,42,157,465,139,777,165,116,275,51,59,198,2825,330,123,44,177,80,64,9,21,0
2013,cuarto,familiar,65,125,76,96,48,63,152,271,10,6,75,86,68,124,118,47,16,24,56,13,27,10,3,47,8,27,29,9,13,63,354,28,13,45,134,32,257,42,35,67,19,18,58,821,75,40,18,73,37,15,6,7,1
2013,cuarto,desconocido,2,11,3,6,0,3,18,20,2,1,11,9,11,5,11,7,1,2,3,2,1,1,0,5,0,1,2,2,2,7,23,3,0,0,7,5,33,4,4,9,1,1,7,92,12,6,2,3,6,3,1,2,0
2014,primero,desconocido,0,0,0,0,0,1,0,0,0,0,0,0,0,0,0,0,0,1,0,0,0,0,0,0,0,0,0,0,0,0,1,0,0,0,0,0,0,0,0,0,0,0,0,0,0,0,0,0,0,0,0,0,0
2014,primero,usuaria,173,259,169,244,123,143,416,559,32,9,155,203,229,406,311,139,51,72,89,22,98,39,17,153,36,61,86,32,70,179,1031,73,41,139,531,139,672,228,102,197,71,47,158,2784,313,131,49,191,67,72,14,20,0
2014,primero,familiar,63,136,78,124,58,50,169,215,10,2,66,86,72,127,113,40,10,34,27,7,24,12,2,44,14,23,33,9,29,59,369,29,20,49,123,30,201,44,22,71,18,12,42,912,94,48,32,61,28,29,9,2,3
2014,primero,desconocido,7,5,2,14,4,1,16,16,2,0,7,9,7,6,8,10,0,3,1,1,1,1,0,6,1,3,2,1,2,7,25,3,1,2,13,3,18,3,5,4,1,3,4,74,9,1,1,8,3,2,3,2,0
2014,segundo,desconocido,0,0,0,0,0,0,0,0,0,0,0,0,0,0,0,0,0,0,0,0,0,0,0,0,0,0,0,0,0,0,0,0,0,1,0,0,0,0,0,0,0,0,0,1,0,0,1,0,0,0,0,0,0
2014,segundo,usuaria,153,266,180,251,142,134,477,641,28,7,190,227,226,360,263,142,38,70,78,37,55,20,7,152,35,65,87,24,44,147,1050,67,35,161,512,133,762,134,82,178,71,54,246,2795,280,130,39,216,91,61,18,23,1
2014,segundo,familiar,65,102,78,91,38,61,188,259,11,5,80,81,110,132,104,64,17,18,39,12,42,11,4,44,11,20,29,8,19,64,356,26,16,51,144,28,214,53,34,58,20,24,94,914,134,44,20,66,28,28,6,8,4
2014,segundo,desconocido,16,15,4,11,13,8,20,22,4,3,15,10,16,13,12,2,3,1,1,3,3,3,1,5,2,2,3,1,1,11,26,1,0,3,15,4,30,4,4,12,2,1,9,110,6,8,3,5,1,5,0,1,0
2014,tercero,desconocido,0,0,0,0,0,0,0,0,0,0,0,0,0,0,0,0,0,0,0,0,0,0,0,0,0,0,1,0,0,0,0,0,0,0,0,0,0,0,0,0,0,0,0,0,0,0,0,0,0,0,0,0,0
2014,tercero,usuaria,178,336,192,285,115,128,519,748,26,15,174,198,281,379,336,183,41,68,106,36,63,38,10,121,48,85,100,39,71,217,1191,101,46,162,691,162,949,145,94,156,75,50,235,3003,332,160,47,217,56,58,12,13,0
2014,tercero,familiar,83,132,79,110,66,43,187,216,5,1,56,83,117,162,123,62,15,31,34,9,24,15,3,40,16,27,27,9,21,61,399,22,11,41,142,39,205,76,34,49,22,22,99,941,157,59,20,65,32,26,8,9,0
2014,tercero,desconocido,12,11,7,9,8,7,32,15,1,0,12,9,9,13,15,3,0,2,5,0,2,1,0,1,0,2,3,1,1,7,29,2,1,4,17,2,25,7,1,4,1,0,10,95,14,3,2,2,2,2,0,0,0
2014,cuarto,desconocido,0,1,0,0,0,1,0,2,0,0,1,0,0,1,2,1,0,0,0,0,0,0,0,0,1,0,0,0,1,1,4,0,0,1,0,0,4,2,0,0,0,0,1,4,3,1,0,0,0,0,0,0,0
2014,cuarto,usuaria,175,380,215,229,154,144,509,707,28,23,204,257,220,395,316,143,30,87,102,53,91,39,8,186,21,81,90,45,71,204,1347,92,50,137,725,171,1006,147,99,118,91,44,278,3014,304,136,40,257,98,78,18,19,0
2014,cuarto,familiar,65,123,63,121,51,45,179,260,8,5,84,87,90,151,147,40,18,22,41,14,33,10,4,67,11,21,35,9,23,61,427,28,12,42,175,31,255,54,40,52,38,20,119,1016,136,49,20,84,36,33,12,11,2
2014,cuarto,desconocido,6,10,6,11,5,4,15,15,1,2,9,9,11,16,8,3,1,1,0,1,2,2,0,3,2,4,3,2,1,11,28,0,1,4,18,7,33,8,1,4,2,4,10,113,10,4,2,3,3,1,1,1,1
2015,primero,desconocido,1,4,0,0,0,0,1,2,0,0,0,2,1,4,0,1,0,0,0,0,0,0,0,0,0,0,0,0,0,0,5,0,2,0,1,0,0,0,2,0,0,0,0,9,0,0,0,0,0,0,0,0,2
2015,primero,usuaria,156,296,150,233,121,131,420,567,31,10,172,165,182,357,260,94,42,68,100,23,70,22,2,175,62,80,74,32,75,175,1117,80,50,129,648,129,816,118,63,113,68,57,284,2605,251,109,50,157,82,63,20,20,28
2015,primero,familiar,45,91,65,101,43,45,143,218,8,7,81,65,75,150,105,43,11,39,30,15,27,12,2,37,12,19,22,6,14,49,360,24,17,45,147,27,224,50,31,35,25,16,84,892,118,43,26,69,28,39,4,2,3
2015,primero,desconocido,7,3,8,7,2,4,20,21,7,1,11,4,8,9,10,0,1,3,4,0,4,0,1,3,0,1,6,0,1,11,16,2,1,2,11,7,42,5,5,1,0,0,9,98,8,4,2,4,4,0,1,3,0
2015,segundo,desconocido,0,2,0,0,1,0,7,0,0,0,1,2,6,1,2,1,0,0,0,1,1,0,0,0,0,0,0,0,0,2,3,1,2,0,0,0,3,2,0,0,0,2,2,11,3,2,0,0,0,1,0,0,0
2015,segundo,usuaria,207,363,193,313,127,129,533,772,32,12,214,229,262,439,334,152,51,96,113,37,89,44,9,189,54,80,92,27,74,227,1478,122,54,186,799,180,943,135,82,151,70,71,351,3081,345,145,51,215,98,70,24,22,33
2015,segundo,familiar,75,145,67,130,54,52,224,301,7,11,75,112,109,148,132,51,14,43,29,19,46,17,2,77,11,33,33,14,19,74,535,35,23,57,188,41,274,71,37,46,33,22,144,1147,173,70,24,93,46,29,12,13,4
2015,segundo,desconocido,3,18,5,12,5,2,31,31,4,3,12,13,8,13,19,2,0,4,3,1,1,2,0,9,3,3,2,1,3,17,30,6,1,2,13,5,38,12,3,3,2,3,7,116,16,2,1,9,1,2,1,2,0
2015,tercero,desconocido,1,0,0,1,0,2,1,2,0,1,0,1,1,5,5,1,0,0,0,0,0,0,0,1,0,0,0,0,0,4,1,1,2,1,1,1,2,0,2,0,0,0,0,12,1,0,1,0,0,0,0,0,1
2015,tercero,usuaria,216,359,240,326,170,168,615,726,41,20,240,277,335,502,408,174,47,116,138,34,78,29,9,264,39,98,100,41,96,283,1528,129,53,202,799,170,961,172,114,231,91,47,337,3336,463,148,65,256,78,69,29,28,5
2015,tercero,familiar,90,132,80,155,68,66,282,324,19,5,99,101,153,208,147,75,13,32,44,12,30,15,4,76,9,36,44,16,35,71,529,50,15,47,229,51,337,65,53,58,28,31,146,1188,178,69,33,90,42,21,6,18,3
2015,tercero,desconocido,6,12,12,15,8,8,27,31,4,1,17,10,15,16,24,5,1,2,2,2,1,3,0,4,0,2,8,3,5,26,25,4,1,3,24,2,33,6,4,5,3,2,8,117,17,5,1,4,2,2,0,0,0
2015,cuarto,desconocido,0,3,1,0,0,0,0,1,0,0,0,1,0,3,2,0,0,0,0,0,1,0,0,1,2,1,0,1,0,1,4,1,0,0,1,0,1,2,0,0,0,0,1,12,0,1,0,0,0,0,1,0,1
2015,cuarto,usuaria,246,434,235,410,196,148,682,879,44,24,290,350,329,539,538,192,52,85,137,42,128,30,18,224,28,57,98,25,106,291,1720,146,70,261,729,184,1067,204,166,210,120,47,421,3689,465,151,85,329,106,83,55,18,0
2015,cuarto,familiar,75,173,80,176,62,62,290,405,14,13,123,131,131,231,243,88,28,47,58,23,43,14,1,78,17,29,42,11,34,98,631,53,26,79,212,67,345,67,47,63,54,18,172,1361,214,80,38,132,67,39,22,5,0
2015,cuarto,desconocido,9,5,9,11,5,8,21,38,5,2,26,11,11,27,24,7,1,3,7,3,3,1,1,8,0,5,6,7,3,14,34,1,2,1,21,7,39,5,2,3,5,2,13,167,11,7,0,6,5,3,5,2,0
2016,primero,desconocido,1,3,0,1,0,0,1,3,0,0,1,0,0,1,3,0,0,0,0,0,0,0,0,3,0,1,0,0,0,0,3,0,0,0,1,0,5,0,0,2,0,0,1,10,1,0,0,0,1,0,0,0,0
2016,primero,usuaria,195,335,209,308,131,175,534,711,38,24,239,321,300,423,427,165,50,85,156,38,84,31,17,166,60,72,110,31,94,230,1443,98,55,226,603,134,1009,167,106,237,63,76,276,3090,406,172,58,245,92,65,18,22,0
2016,primero,familiar,70,135,90,142,53,67,222,310,16,13,90,116,148,162,196,65,17,32,46,14,43,11,7,48,11,22,47,12,32,72,528,55,19,67,172,38,338,61,38,83,30,25,143,1137,148,60,28,87,47,32,9,15,0
2016,primero,desconocido,10,8,6,11,5,4,36,28,2,0,16,11,25,15,27,7,1,0,8,1,5,2,0,4,1,3,5,2,5,12,36,0,1,5,27,10,74,5,2,12,4,6,5,122,15,5,3,9,1,0,0,3,0
2016,segundo,desconocido,0,1,0,1,0,1,0,1,0,0,0,0,1,0,1,2,0,1,1,0,2,1,0,0,0,0,0,0,0,0,6,0,0,0,0,0,2,0,1,0,0,0,2,10,2,0,1,1,1,1,1,0,0
2016,segundo,usuaria,178,338,185,307,128,146,472,662,42,13,226,263,329,369,368,138,32,133,115,34,93,27,10,195,36,88,118,23,90,218,1395,95,61,185,644,166,995,185,91,319,71,98,209,3121,371,139,56,233,88,64,19,12,2
2016,segundo,familiar,67,124,86,139,72,63,262,327,13,9,95,128,139,154,150,70,12,46,52,15,27,12,7,69,20,19,26,13,30,72,530,40,16,56,196,44,300,57,32,109,35,18,108,1183,156,55,30,80,35,23,8,6,2
2016,segundo,desconocido,8,12,6,13,9,6,28,44,1,1,19,10,20,10,22,2,2,1,6,1,4,4,3,5,1,1,3,1,1,4,27,2,1,5,29,6,54,5,3,12,4,0,5,152,21,4,1,10,4,7,0,0,0
2016,tercero,desconocido,2,0,0,1,1,0,0,2,1,0,2,0,1,0,1,2,0,1,0,1,1,0,1,0,0,0,0,1,1,1,6,0,1,1,2,0,5,0,0,1,0,0,0,6,2,2,0,0,0,0,0,0,0
2016,tercero,usuaria,236,462,258,388,174,171,714,824,61,31,247,319,420,413,407,175,71,132,144,56,114,29,12,225,40,89,156,52,101,333,1818,185,66,266,693,192,1109,222,135,359,58,76,327,3875,479,162,71,264,93,73,15,24,4
2016,tercero,familiar,107,213,106,175,96,100,327,372,21,14,117,124,185,205,200,97,15,42,45,15,39,16,8,68,25,49,50,16,49,92,721,55,22,88,278,70,391,94,40,141,33,27,115,1398,208,83,34,112,42,31,15,13,2
2016,tercero,desconocido,13,17,8,20,9,7,40,33,1,5,20,9,22,20,18,5,3,6,5,2,4,2,1,4,0,5,6,2,6,8,45,0,1,6,28,11,67,11,3,10,2,4,8,171,20,10,1,2,3,4,0,2,1
2016,cuarto,desconocido,2,1,1,1,0,0,1,1,0,0,1,4,0,0,0,0,0,0,0,0,1,1,0,0,0,0,0,0,0,1,4,0,0,1,2,2,2,0,2,1,0,0,0,9,2,0,0,0,0,0,0,0,1
2016,cuarto,usuaria,142,295,177,258,169,149,509,655,22,9,200,245,306,376,347,110,52,95,106,38,81,29,15,172,23,84,81,30,61,202,1356,108,59,185,554,138,919,156,82,290,66,66,210,3140,372,117,67,213,81,60,12,15,32
2016,cuarto,familiar,69,144,89,122,71,59,244,334,11,19,119,95,135,171,158,54,21,48,51,16,36,17,4,54,14,38,30,16,22,79,529,40,20,61,154,51,313,56,36,104,26,26,107,1220,148,52,36,91,39,32,8,6,29
2016,cuarto,desconocido,8,9,10,20,7,4,24,40,2,3,14,14,24,11,21,3,2,0,4,0,2,2,0,9,1,2,9,0,2,18,38,2,0,5,37,5,49,9,3,11,4,0,8,156,17,3,1,3,2,6,1,1,4
2017,primero,desconocido,0,1,0,1,0,0,1,1,0,0,0,0,1,0,1,0,0,1,0,0,0,0,0,0,0,1,1,1,0,0,4,1,0,0,0,0,1,1,0,1,1,0,1,12,4,0,0,0,0,0,0,0,7
2017,primero,usuaria,150,356,188,278,154,160,548,647,27,25,175,319,249,427,351,141,79,86,107,56,94,22,7,161,27,78,91,32,64,213,1483,98,58,215,653,155,1023,145,77,350,65,50,201,3369,376,175,66,206,101,53,21,18,110
2017,primero,familiar,88,151,91,149,64,58,265,323,22,12,87,110,123,177,172,72,22,39,46,19,39,8,6,69,20,33,45,15,20,80,553,34,25,72,209,54,371,72,27,97,21,29,111,1231,147,68,31,99,57,29,9,10,22
2017,primero,desconocido,6,13,5,10,10,6,28,46,2,1,11,15,12,15,14,7,2,1,3,2,4,4,0,5,0,2,2,1,6,14,37,1,1,4,35,6,51,10,6,14,2,3,2,140,16,8,0,2,1,3,1,1,4
2017,segundo,desconocido,0,1,0,0,0,0,0,4,0,0,0,1,1,1,0,0,0,0,1,0,0,0,1,1,0,0,0,0,0,0,2,1,0,0,0,1,3,0,0,1,0,0,1,11,2,0,0,1,1,0,0,0,1
2017,segundo,usuaria,153,292,164,272,110,127,493,652,37,15,212,319,291,386,378,118,66,72,129,59,88,33,16,219,31,73,82,27,86,219,1463,141,59,212,710,173,964,141,66,341,38,73,214,3420,361,129,50,216,115,74,16,17,152
2017,segundo,familiar,67,141,89,122,68,56,285,303,15,8,115,96,126,171,192,50,14,30,32,28,33,21,4,58,15,29,46,10,34,75,535,45,30,67,204,50,299,62,44,119,23,18,91,1290,168,62,20,90,38,26,7,7,42
2017,segundo,desconocido,4,15,5,11,5,3,18,43,0,1,10,8,11,18,24,3,0,3,3,2,3,0,0,7,2,1,2,1,2,9,28,3,1,5,29,7,46,6,4,14,5,4,7,142,14,5,2,5,1,2,0,0,14
2017,tercero,desconocido,0,0,0,1,2,0,1,2,0,0,2,0,0,2,1,0,0,0,0,0,0,0,0,0,0,0,0,0,0,2,3,0,0,1,2,0,7,0,0,1,0,0,1,17,0,0,0,1,0,0,0,0,1
2017,tercero,usuaria,168,349,164,224,115,142,476,560,37,28,181,268,300,415,371,170,80,73,142,44,121,24,12,160,36,53,74,18,69,214,1274,128,48,196,608,179,849,103,75,274,47,40,209,3129,374,127,50,209,86,61,24,14,150
2017,tercero,familiar,63,122,76,140,57,60,220,233,16,3,77,111,126,157,164,60,22,40,45,11,30,21,2,56,19,33,30,14,32,70,490,49,18,56,188,51,287,63,35,93,19,26,93,1154,172,58,27,76,35,30,6,8,59
2017,tercero,desconocido,7,16,7,11,4,5,23,22,2,1,13,13,14,13,10,3,3,0,8,1,0,0,0,2,0,4,6,1,2,7,20,1,0,2,25,3,51,13,2,5,1,6,8,116,12,4,3,8,1,3,2,1,5
2017,cuarto,desconocido,3,2,0,1,1,0,1,1,0,0,0,0,0,0,2,0,0,0,0,0,1,0,0,0,0,0,0,0,0,0,2,0,0,0,0,0,4,0,0,2,0,0,0,17,0,0,1,0,0,0,0,0,0
2017,cuarto,usuaria,113,263,152,172,96,103,412,496,48,21,204,238,254,339,385,109,71,92,101,55,98,17,14,178,29,52,68,40,68,170,1156,100,49,160,476,155,737,104,50,261,39,26,174,2736,330,140,50,201,88,69,16,17,134
2017,cuarto,familiar,67,124,74,121,59,55,211,272,8,6,96,120,122,179,178,53,10,32,49,15,44,17,6,82,9,23,41,14,18,65,455,43,26,62,162,41,276,48,24,96,8,28,95,1027,148,68,21,76,37,27,10,6,47
2017,cuarto,desconocido,7,7,4,12,4,9,23,26,4,2,10,9,11,12,10,4,2,6,4,2,1,3,2,7,2,2,4,1,2,3,20,0,2,2,25,2,50,6,4,12,6,1,5,128,14,9,1,9,2,1,2,1,3
2018,primero,desconocido,1,1,0,1,1,1,0,1,0,0,0,2,1,1,0,0,0,0,0,0,0,0,0,0,0,0,0,0,0,0,3,0,0,0,2,0,3,1,3,0,1,0,1,15,0,0,0,0,0,0,0,0,2
2018,primero,usuaria,138,276,165,201,126,109,427,517,36,19,187,249,218,349,408,106,54,100,89,54,84,43,21,185,28,73,82,27,47,185,1255,107,55,160,535,157,676,94,102,236,47,37,212,2816,351,117,35,221,72,40,8,19,137
2018,primero,familiar,64,140,61,119,61,53,196,251,16,11,101,103,126,140,144,60,15,46,38,12,42,13,5,66,15,37,34,9,20,76,492,38,23,50,175,40,285,54,42,82,19,21,78,1148,141,59,36,71,30,29,4,5,49
2018,primero,desconocido,2,10,5,9,6,2,13,30,1,1,14,7,8,18,12,4,0,3,1,1,4,1,0,6,0,5,1,3,0,12,30,6,1,2,37,4,35,6,5,11,2,0,11,126,13,3,1,4,0,2,0,0,12
2018,segundo,desconocido,1,0,1,0,1,0,0,1,0,0,1,1,0,3,1,1,0,0,0,0,0,0,0,1,0,1,1,0,0,3,1,0,0,0,3,1,2,0,0,1,0,0,0,11,1,0,0,0,0,0,1,0,0
2018,segundo,usuaria,175,295,175,211,131,118,437,528,22,19,188,214,233,396,410,120,66,138,108,54,75,48,17,169,24,51,72,27,60,200,1347,105,50,137,609,124,839,137,56,246,53,38,179,2778,386,88,60,215,70,32,14,16,145
2018,segundo,familiar,61,118,79,134,67,52,219,282,10,4,77,101,132,180,146,59,21,33,42,13,24,13,6,84,17,21,32,5,27,79,484,48,10,68,182,54,282,58,33,98,18,24,65,1126,142,52,35,74,34,21,6,7,73
2018,segundo,desconocido,10,14,11,24,18,3,21,30,1,0,5,18,8,27,15,3,2,5,6,1,2,0,0,2,3,6,7,2,3,8,43,3,0,2,33,1,48,5,4,8,3,5,9,176,21,4,2,2,1,3,1,0,16
2018,segundo,0,4,2,4,4,1,5,2,9,0,0,2,1,6,7,6,4,0,3,3,2,0,1,0,4,0,0,2,1,1,7,23,2,0,2,9,3,14,4,1,4,0,3,3,55,8,2,1,1,2,3,0,0,69
2018,tercero,usuaria,166,248,169,225,147,72,486,509,42,15,195,221,270,397,403,150,45,93,102,37,96,30,19,207,45,58,85,51,80,244,1263,104,53,179,542,143,834,149,103,270,45,56,213,3005,359,140,61,170,94,86,15,12,505
2018,tercero,familiar,70,142,71,89,52,46,258,249,13,8,92,101,123,130,151,45,22,28,46,24,32,8,3,71,22,27,43,12,23,85,477,50,41,64,211,43,271,51,32,116,16,25,82,1068,152,49,24,85,42,38,8,7,192
2018,tercero,desconocido,6,15,10,23,10,8,22,38,2,2,21,8,13,12,21,4,3,3,1,4,2,2,0,5,1,3,7,5,5,7,29,8,1,6,39,13,34,7,5,9,0,9,11,142,12,3,1,7,3,2,3,2,57
2018,tercero,0,7,9,3,3,2,0,17,15,1,1,13,10,20,15,19,5,3,3,5,1,2,2,1,9,1,1,1,1,3,11,31,2,0,4,14,3,24,4,1,14,3,1,5,131,22,8,1,7,3,6,0,0,357
2018,cuarto,usuaria,143,226,134,184,71,83,426,488,19,17,183,230,230,427,362,159,26,83,80,21,94,36,13,134,23,61,53,26,55,173,1102,73,54,166,481,86,819,130,77,201,33,71,150,2369,298,116,44,202,100,41,14,9,408
2018,cuarto,familiar,60,83,72,114,50,42,211,263,12,8,70,95,115,156,154,46,10,32,29,9,21,15,5,74,12,21,44,10,31,79,476,45,14,59,149,31,271,70,36,88,13,17,66,943,153,48,22,78,39,21,4,5,153
2018,cuarto,desconocido,8,11,12,10,8,5,28,22,4,0,13,5,20,19,12,4,2,0,2,1,2,3,2,9,0,1,3,1,1,7,31,2,1,2,34,3,48,7,4,11,1,3,7,161,13,3,0,10,4,3,0,3,48
2018,cuarto,0,4,7,3,1,5,2,18,12,1,0,6,8,10,8,5,1,0,4,0,3,2,2,0,3,0,1,2,0,1,3,28,1,2,4,19,4,26,4,3,3,0,1,2,50,3,2,0,5,2,2,2,1,209
2019,primero,usuaria,114,195,104,157,72,83,337,429,24,6,159,212,203,359,270,121,41,72,70,23,81,34,15,135,41,48,60,27,56,158,1138,96,80,153,447,86,715,86,53,203,24,28,129,2501,222,106,47,170,83,59,2,12,440
2019,primero,familiar,43,99,63,81,50,33,197,250,13,5,82,101,82,160,131,44,12,35,28,4,28,15,4,56,14,26,36,11,23,80,392,39,12,61,147,43,234,37,25,72,16,13,68,940,133,41,23,74,33,28,8,5,154
2019,primero,desconocido,3,13,5,11,12,4,29,34,1,3,9,13,8,15,29,8,0,3,3,0,2,0,1,2,0,2,6,2,3,7,31,2,1,1,24,3,68,1,0,5,3,3,4,118,13,1,1,8,3,1,2,0,52
2019,primero,0,1,3,1,3,2,1,5,10,0,1,2,6,2,2,6,0,0,0,2,1,0,2,0,1,0,0,2,1,1,1,14,1,2,2,6,2,7,0,1,4,1,0,4,40,2,3,0,2,1,0,0,0,162
2019,segundo,usuaria,132,224,130,186,90,106,365,443,16,16,180,219,225,371,388,117,45,85,87,24,80,32,22,136,39,45,64,25,65,195,1058,85,36,147,498,114,806,123,108,206,45,30,118,2523,268,91,61,166,66,69,8,9,628
2019,segundo,familiar,52,120,83,81,54,57,222,277,5,7,84,81,113,176,154,48,21,35,35,8,30,12,4,48,14,20,36,10,23,51,461,37,17,50,159,38,249,60,32,107,15,15,80,934,109,44,27,76,28,23,13,7,221
2019,segundo,desconocido,8,12,8,11,16,7,21,23,5,1,16,9,22,12,13,7,0,4,2,1,1,3,0,6,0,5,14,4,6,13,46,5,0,2,39,7,54,8,2,15,0,0,5,121,14,3,4,14,3,1,1,0,61
2019,segundo,0,3,6,3,3,0,1,8,6,1,1,3,6,6,6,12,4,0,0,2,0,0,1,0,1,1,0,2,0,2,4,25,2,0,3,3,6,13,1,0,4,0,1,2,47,4,4,1,5,2,1,0,0,246
2019,tercero,usuaria,130,225,128,225,84,93,439,464,33,12,184,257,231,357,345,116,44,89,94,39,53,34,13,161,37,43,76,21,86,195,1307,96,62,139,627,185,885,140,74,192,46,53,173,2445,309,106,50,163,82,78,26,23,510
2019,tercero,familiar,72,136,62,118,54,55,225,253,16,11,81,83,125,170,151,48,8,33,39,14,30,10,6,83,12,31,25,23,24,70,520,52,23,61,174,47,269,50,36,99,13,20,61,919,145,62,19,96,30,29,18,9,150
2019,tercero,desconocido,6,20,5,23,16,4,33,37,1,1,7,9,15,21,19,7,3,6,4,3,2,2,1,6,2,4,7,9,4,5,52,3,1,6,51,7,65,8,3,9,1,1,11,147,24,6,3,10,1,0,1,2,42
2019,tercero,0,1,5,1,1,1,1,3,10,1,0,2,8,2,8,7,1,0,1,3,0,3,1,1,3,0,0,2,0,1,1,16,0,0,3,8,2,6,2,1,1,0,1,1,36,4,1,0,2,0,1,0,0,177
2019,cuarto,usuaria,139,231,136,188,104,91,474,469,23,11,175,227,224,372,355,127,47,74,87,46,43,39,11,138,46,55,92,33,68,199,1090,96,34,143,602,224,841,88,65,219,18,31,157,2485,267,96,46,143,72,60,13,16,599
2019,cuarto,familiar,59,111,80,88,56,56,224,240,8,6,91,91,94,171,150,46,13,25,46,9,26,11,1,58,16,21,35,13,17,79,420,38,16,61,166,35,253,64,30,91,20,23,66,972,140,60,26,70,28,26,5,4,163
2019,cuarto,desconocido,6,18,9,16,15,7,25,41,3,5,17,9,14,20,28,6,6,4,3,2,0,3,0,4,1,4,3,1,1,10,48,3,2,1,44,9,50,5,3,13,4,3,10,156,15,7,1,7,3,3,0,0,31
2019,cuarto,0,0,2,4,2,2,0,4,8,0,0,0,7,1,7,4,1,0,1,1,0,0,1,1,0,1,1,1,0,1,1,9,1,0,1,9,4,8,2,2,3,0,0,1,22,2,4,0,3,1,1,0,0,171
2020,primero,usuaria,131,220,128,191,85,95,473,501,25,7,180,229,212,347,334,130,60,73,84,29,69,26,2,178,32,59,70,30,63,168,1100,83,42,132,554,169,789,98,52,236,25,40,145,2295,266,131,65,175,54,68,16,13,546
2020,primero,familiar,71,117,56,121,55,57,203,243,10,4,103,78,76,159,133,41,12,30,33,20,20,13,2,58,9,31,21,10,20,62,466,40,15,60,152,48,225,41,19,98,21,14,53,922,107,45,28,74,29,17,2,5,143
2020,primero,desconocido,5,14,5,11,17,3,31,45,2,1,15,17,14,23,19,8,1,2,3,3,1,1,0,7,1,2,1,1,0,10,50,3,2,3,31,9,67,11,2,12,3,2,13,153,15,4,1,9,2,2,2,1,45
2020,primero,0,2,3,1,4,0,0,4,10,0,1,4,9,5,8,7,2,0,1,4,1,3,0,0,1,0,2,1,3,1,0,14,0,0,3,14,4,21,3,0,0,2,0,2,43,10,3,1,5,1,1,0,0,224
2020,segundo,usuaria,189,345,197,265,121,156,739,744,21,18,265,322,389,592,469,176,66,108,149,52,83,61,9,270,51,88,95,35,91,311,1840,158,64,251,794,230,1116,166,82,295,58,63,257,3484,475,161,55,234,106,63,28,26,1008
2020,segundo,familiar,72,173,101,135,46,63,297,326,11,7,117,135,167,220,180,64,19,45,47,18,45,11,10,91,7,29,39,13,32,109,750,52,42,78,202,84,327,66,26,135,29,20,93,1312,169,62,23,75,35,22,10,15,280
2020,segundo,desconocido,10,19,8,19,10,16,43,51,4,0,20,18,26,28,20,13,2,10,7,0,8,5,0,5,0,2,7,2,6,12,75,7,2,5,44,11,82,8,6,19,0,1,14,212,26,9,4,11,7,3,4,0,35
2020,segundo,0,5,10,4,7,3,2,15,14,0,0,6,10,8,13,13,0,2,3,3,2,2,1,0,3,1,2,2,0,4,4,43,3,3,7,18,8,25,2,0,10,0,1,7,74,12,4,3,5,0,0,1,0,319
2020,tercero,usuaria,173,287,148,277,110,137,546,616,31,14,226,273,287,435,436,133,63,90,165,39,107,37,42,236,32,71,97,40,76,208,1532,111,53,232,633,295,968,180,69,284,44,69,215,2951,430,131,54,200,106,73,16,11,637
2020,tercero,familiar,66,134,64,133,67,55,259,237,22,2,86,91,115,177,162,42,9,19,44,13,32,10,4,69,13,39,37,13,18,67,523,44,20,74,208,48,277,72,39,84,15,30,68,990,139,51,23,70,41,27,6,4,166
2020,tercero,desconocido,13,19,7,21,18,8,43,54,8,0,14,10,16,30,16,7,2,0,5,2,6,1,0,5,1,3,9,7,5,10,56,5,5,9,42,15,71,2,3,16,0,2,11,149,15,5,2,5,4,2,1,2,35
2020,tercero,0,3,6,2,2,0,0,7,5,0,0,2,6,3,12,8,0,0,0,5,1,0,0,0,5,0,1,1,1,1,2,24,1,3,4,8,3,16,2,0,0,0,1,2,31,8,4,1,3,2,0,0,2,306
2020,cuarto,usuaria,94,246,112,152,67,107,417,420,22,7,162,207,252,416,305,97,41,91,78,26,61,27,19,131,21,31,87,22,81,177,1065,86,37,145,474,168,714,128,62,186,49,33,164,2385,275,109,47,151,74,59,12,16,408
2020,cuarto,familiar,42,109,48,75,27,28,147,193,10,14,58,62,89,121,132,47,11,18,23,10,21,9,2,57,7,17,28,13,24,69,369,30,16,38,124,33,201,36,16,58,19,16,54,756,105,18,12,55,24,21,7,10,132
2020,cuarto,desconocido,5,16,6,14,8,4,20,35,2,0,7,12,16,26,20,5,2,1,0,1,6,0,1,3,1,1,3,1,3,4,31,1,1,2,30,11,53,2,1,5,2,2,5,113,16,9,2,3,0,4,0,2,32
2020,cuarto,0,1,3,0,1,2,2,3,4,1,0,2,3,5,12,10,2,1,0,1,0,0,0,1,0,1,1,0,1,2,1,23,0,0,2,9,2,6,2,1,4,0,3,1,44,6,1,0,0,3,1,0,0,247
2021,primero,usuaria,130,242,141,166,75,92,404,484,22,17,183,290,200,442,370,116,58,63,82,27,41,20,14,143,34,52,70,24,63,200,1275,98,47,147,601,204,886,106,70,271,40,52,173,2358,323,107,52,165,76,51,5,6,409
2021,primero,familiar,47,77,63,94,55,39,156,180,17,2,57,71,77,113,115,56,11,23,26,6,26,14,4,41,5,15,38,13,10,62,389,36,20,57,128,39,212,41,20,60,14,18,65,764,104,49,16,68,26,22,4,9,127
2021,primero,desconocido,2,8,8,8,17,2,23,35,4,1,14,9,10,19,20,2,0,0,2,0,1,0,0,7,0,3,2,1,3,5,39,1,2,2,17,4,66,1,2,11,2,1,5,120,21,3,0,4,0,7,0,1,22
2021,primero,0,2,4,0,1,0,1,3,8,1,0,2,6,1,8,8,1,0,1,2,1,2,1,0,3,1,0,2,0,0,2,14,0,1,1,7,2,12,2,4,7,2,1,2,30,4,1,0,2,0,2,0,0,237
2021,segundo,usuaria,167,359,190,246,116,141,675,727,47,24,366,337,318,691,532,179,72,81,135,57,88,57,15,223,41,80,95,49,100,273,1846,157,79,270,827,242,1250,210,130,361,58,66,245,3832,504,159,79,286,101,80,7,20,705
2021,segundo,familiar,79,162,79,123,57,59,214,271,13,5,94,103,125,191,167,61,13,24,43,16,48,14,8,60,11,37,38,7,33,67,621,45,26,68,183,50,352,70,34,93,24,22,103,1111,176,70,18,107,35,35,6,7,200
2021,segundo,desconocido,13,19,10,20,7,3,32,39,1,0,17,15,23,24,22,13,3,2,9,1,3,4,0,7,1,5,6,5,5,10,52,3,1,2,41,14,63,10,6,9,2,1,8,182,18,10,1,12,6,1,0,0,51
2021,segundo,0,0,7,2,5,3,4,11,8,1,0,4,7,6,19,15,6,2,1,6,0,3,0,1,3,2,0,3,0,0,4,24,3,0,5,12,5,27,5,6,9,2,1,11,56,10,5,1,4,0,2,0,0,539
2021,tercero,usuaria,179,345,143,209,153,143,610,576,41,19,329,332,296,583,531,172,69,72,117,39,67,34,10,153,42,95,91,29,65,272,1784,137,71,265,838,192,1120,191,102,331,60,54,221,3243,482,204,57,279,108,94,12,21,664
2021,tercero,familiar,85,153,64,104,54,43,221,259,8,5,80,94,116,181,180,61,14,27,42,20,24,20,10,47,18,38,49,13,30,87,596,61,19,75,204,54,330,62,32,101,20,21,106,951,159,61,22,76,45,35,10,7,170
2021,tercero,desconocido,10,17,12,16,21,4,42,40,1,3,19,25,27,21,22,6,2,1,5,0,5,7,0,7,2,3,7,3,5,13,60,7,4,10,40,10,70,8,8,12,3,2,8,150,22,8,4,6,2,3,1,1,73
2021,tercero,0,4,3,3,4,2,3,14,11,1,1,6,6,7,19,16,1,1,2,3,0,0,1,0,4,3,5,2,0,0,2,26,3,2,4,18,1,21,5,2,8,1,1,3,75,11,3,1,6,1,3,0,1,502
2021,cuarto,usuaria,157,274,133,235,113,160,528,526,29,23,238,302,246,545,487,145,52,91,126,35,78,42,13,158,27,72,103,45,62,214,1579,146,59,240,806,209,913,194,88,268,53,64,232,3305,409,159,71,279,113,73,19,20,653
2021,cuarto,familiar,64,119,58,115,54,51,205,243,10,8,78,124,103,178,170,46,13,34,38,4,40,13,3,53,17,28,39,16,33,78,541,62,31,66,200,50,286,48,32,98,12,13,88,968,140,65,20,89,37,17,8,8,156
2021,cuarto,desconocido,6,15,9,23,12,7,27,28,1,3,21,12,13,30,26,11,5,4,6,2,2,1,1,10,0,6,9,4,0,10,58,4,6,4,39,7,52,8,3,10,2,1,3,155,19,6,4,4,2,4,4,1,55
2021,cuarto,0,3,7,3,5,3,4,12,8,0,0,8,13,5,14,13,7,1,1,3,0,5,2,0,3,0,1,4,0,1,5,32,2,1,8,26,6,21,6,5,10,5,4,9,87,19,2,4,7,5,3,0,0,636
2022,primero,usuaria,157,255,111,201,102,131,489,463,44,12,382,431,265,820,578,185,57,58,104,38,67,34,13,137,31,76,94,46,89,171,1329,115,53,210,653,232,878,175,79,348,58,72,213,4004,412,170,89,210,91,119,21,30,684
2022,primero,familiar,62,117,61,83,58,40,176,223,12,4,104,105,108,181,149,56,14,30,38,25,24,13,7,55,11,28,26,12,24,61,436,46,24,40,162,46,246,80,23,113,20,18,82,1186,141,60,17,69,33,38,6,11,168
2022,primero,desconocido,21,13,4,18,13,6,25,39,2,4,21,16,8,37,26,12,2,1,6,3,2,2,1,2,0,4,5,2,5,11,48,1,3,4,30,9,41,4,2,14,2,0,9,165,27,5,2,12,3,3,3,1,36
2022,primero,0,0,8,4,1,2,4,13,9,0,0,13,9,7,24,20,14,1,4,2,2,2,1,1,4,0,1,2,1,2,7,20,1,2,4,17,11,27,7,1,9,2,0,8,98,16,6,0,6,2,2,0,0,606
2022,segundo,usuaria,172,304,140,236,131,116,544,548,40,14,378,552,317,765,755,225,40,73,111,42,104,39,12,201,49,79,89,31,92,244,1399,110,50,229,720,232,994,211,171,392,53,78,256,5084,615,215,94,206,92,185,32,32,802
2022,segundo,familiar,48,122,70,89,49,49,231,248,14,9,131,179,95,170,191,93,13,31,43,22,22,21,8,56,5,25,38,9,25,69,511,44,32,71,195,70,285,94,44,133,31,17,92,1415,255,79,22,66,45,35,5,8,209
2022,segundo,desconocido,9,12,8,15,16,6,21,28,4,4,16,23,8,23,23,8,2,2,1,4,5,1,3,9,2,2,3,4,3,19,39,3,2,18,28,9,59,2,2,12,2,0,8,152,14,11,3,8,3,2,3,0,45
2022,segundo,0,6,12,11,9,5,2,22,20,3,2,17,13,13,36,36,5,2,6,7,0,2,0,2,9,3,6,2,1,2,5,64,2,3,3,26,12,34,8,2,11,5,1,15,120,21,10,3,8,1,3,2,3,539
2022,tercero,usuaria,177,344,144,253,118,135,644,636,93,18,398,503,339,859,866,280,70,108,133,43,83,53,38,210,39,100,100,31,102,296,1710,149,61,266,843,263,1095,215,136,441,126,99,337,5459,679,288,68,217,96,135,25,37,882
2022,tercero,familiar,65,145,63,113,49,48,233,265,13,8,93,140,136,226,202,72,16,29,61,10,38,20,14,74,22,45,49,18,33,80,566,61,27,72,224,57,285,70,45,131,26,24,109,1351,231,90,21,76,35,40,6,8,262
2022,tercero,desconocido,1,13,1,15,7,8,13,10,2,6,6,5,13,10,10,7,0,4,4,2,2,1,1,3,1,5,3,1,1,9,22,4,2,5,26,7,30,8,2,9,0,0,4,127,8,0,0,12,0,1,1,0,14
2022,tercero,0,12,26,14,24,9,9,49,34,5,7,21,32,22,57,39,14,3,11,14,1,4,0,0,9,4,4,5,1,7,13,98,9,3,16,39,18,68,15,9,17,5,4,17,200,23,6,7,8,4,5,0,0,554
2022,cuarto,usuaria,153,284,118,234,95,121,566,529,67,32,343,471,276,761,678,197,38,84,152,37,68,38,32,215,36,73,82,35,67,269,1454,115,75,244,669,199,981,203,98,403,75,71,240,4331,507,202,73,233,118,102,20,22,807
2022,cuarto,familiar,52,118,66,115,52,38,175,225,29,4,123,133,103,178,191,46,16,35,29,9,26,17,12,63,9,20,38,14,18,79,498,47,23,70,146,42,254,48,37,109,27,12,77,1128,123,62,28,83,41,44,10,3,224
2022,cuarto,desconocido,4,9,2,13,7,1,18,12,5,6,13,10,5,27,18,4,3,6,3,2,0,1,1,4,1,2,3,0,6,12,29,0,1,2,18,4,34,5,2,12,5,0,7,118,7,3,2,7,2,3,0,2,19
2022,cuarto,0,9,14,9,14,10,7,34,29,3,0,17,13,21,25,46,20,3,4,9,2,3,1,0,12,2,4,7,2,3,9,71,7,1,4,28,14,45,9,6,15,4,2,10,191,33,11,4,9,4,2,0,0,401
2023,primero,usuaria,164,297,164,254,112,128,573,627,47,31,334,476,291,708,740,189,50,95,145,38,85,42,28,233,50,84,90,33,74,215,1559,149,57,243,753,249,1010,198,118,443,80,91,292,4947,536,231,58,230,98,144,29,19,960
2023,primero,familiar,72,111,92,114,45,55,225,239,13,6,107,127,110,230,248,84,21,29,28,13,21,14,10,85,14,14,32,13,33,96,530,55,27,69,208,42,278,83,25,118,32,31,101,1234,205,71,35,66,44,52,6,2,334
2023,primero,desconocido,0,7,6,11,4,5,29,22,0,9,19,12,5,17,29,13,5,2,1,0,3,0,2,3,0,4,8,3,3,6,38,1,1,2,30,5,50,3,3,8,2,3,13,125,11,3,2,8,0,1,2,1,22
2023,primero,0,8,15,10,13,6,3,28,33,0,1,10,28,18,31,30,17,1,4,4,4,1,2,0,12,0,4,3,4,5,14,69,5,0,4,45,7,52,8,5,18,5,5,16,197,20,7,5,14,6,8,2,0,406
2023,segundo,usuaria,143,339,145,231,81,114,599,560,53,19,368,386,406,808,797,173,48,85,131,48,73,53,16,197,40,84,77,39,72,256,1507,153,87,215,720,193,1026,227,124,421,69,81,318,4827,514,231,45,197,106,125,11,20,1047
2023,segundo,familiar,64,110,51,116,36,45,205,216,10,18,120,117,127,206,188,59,15,38,42,7,35,20,6,65,15,26,28,15,23,60,495,29,34,74,168,52,236,78,35,112,15,36,97,1229,171,57,23,81,53,32,17,7,400
2023,segundo,desconocido,14,4,3,12,4,2,17,30,6,4,15,10,11,21,9,2,1,0,2,1,4,5,0,5,1,4,9,1,3,15,35,0,2,2,20,5,33,1,4,6,1,2,5,139,17,7,1,6,6,1,1,0,36
2023,segundo,0,7,19,17,20,4,8,36,44,4,1,12,29,17,28,46,16,1,5,8,0,1,3,3,12,4,4,2,5,4,16,72,6,5,7,52,7,59,9,4,15,6,9,12,203,30,11,11,13,4,3,3,0,423
2023,tercero,usuaria,193,336,193,258,116,128,666,630,72,41,352,529,502,818,861,254,73,141,112,46,110,46,32,239,50,96,124,60,135,309,1768,147,76,309,808,237,1250,262,169,466,106,128,392,4974,679,220,64,296,118,147,17,31,1258
2023,tercero,familiar,67,146,78,135,76,52,205,260,27,20,122,156,135,211,238,83,14,45,40,11,39,26,4,68,15,37,31,18,33,84,533,51,43,77,231,62,286,60,29,145,40,40,116,1384,191,76,28,110,49,45,3,5,442
2023,tercero,desconocido,5,10,1,7,9,4,17,8,4,8,12,14,17,18,11,4,0,5,4,1,3,1,3,5,0,7,2,4,3,8,27,4,2,3,20,8,27,6,4,12,1,0,7,110,8,5,0,2,0,2,0,0,37
2023,tercero,0,6,19,15,17,4,7,34,28,3,0,26,20,23,36,31,12,2,5,9,4,7,3,0,5,3,8,4,1,5,13,92,8,2,8,38,6,70,10,4,19,3,3,24,168,21,12,5,11,10,15,0,2,393
