a√±o,mes,trimestre,almeria,cadiz,cordoba,granada,huelva,jaen,malaga,sevilla,huesca,teruel,zaragoza,asturias,illes balears,las palmas,santa cruz de tenerife,cantabria,avila,burgos,leon,palencia,salamanca,segovia,soria,valladolid,zamora,albacete,ciudad real,cuenca,guadalajara,toledo,barcelona,girona,lleida,tarragona,alicante/alacant,castellon/castello,valencia/valencia,badajoz,caceres,a coruna,lugo,ourense,pontevedra,madrid,murcia,navarra,araba/alava,bizkaia,gipuzkoa,la rioja,ceuta,melilla
2009,agosto,tercero,1.0,1.0,0.0,0.0,0.0,0.0,0.0,0.0,0.0,0.0,0.0,0.0,0.0,0.0,0.0,0.0,0.0,0.0,0.0,0.0,0.0,0.0,0.0,0.0,0.0,0.0,0.0,0.0,0.0,1.0,0.0,0.0,0.0,1.0,0.0,0.0,2.0,1.0,0.0,0.0,0.0,0.0,0.0,0.0,0.0,0.0,0.0,0.0,0.0,0.0,0.0,0.0
2009,septiembre,tercero,1.0,1.0,1.0,0.0,0.0,1.0,1.0,0.0,0.0,0.0,0.0,1.0,2.0,0.0,0.0,2.0,0.0,0.0,0.0,0.0,0.0,0.0,0.0,0.0,0.0,0.0,0.0,0.0,0.0,1.0,0.0,0.0,0.0,1.0,1.0,0.0,3.0,1.0,0.0,1.0,0.0,0.0,0.0,1.0,0.0,0.0,0.0,1.0,0.0,0.0,0.0,0.0
2009,octubre,cuarto,1.0,1.0,1.0,0.0,0.0,3.0,2.0,2.0,0.0,0.0,0.0,2.0,8.0,0.0,1.0,5.0,0.0,0.0,0.0,0.0,0.0,0.0,0.0,0.0,0.0,1.0,0.0,0.0,0.0,2.0,0.0,0.0,0.0,1.0,2.0,1.0,3.0,1.0,0.0,2.0,0.0,0.0,0.0,1.0,0.0,0.0,0.0,1.0,1.0,0.0,0.0,0.0
2009,noviembre,cuarto,1.0,1.0,1.0,0.0,1.0,5.0,2.0,2.0,0.0,0.0,0.0,2.0,9.0,0.0,1.0,7.0,0.0,0.0,0.0,0.0,0.0,0.0,1.0,0.0,1.0,1.0,1.0,0.0,0.0,2.0,0.0,0.0,0.0,2.0,3.0,1.0,5.0,2.0,0.0,2.0,0.0,0.0,1.0,2.0,0.0,1.0,0.0,5.0,1.0,0.0,0.0,0.0
2009,diciembre,cuarto,1.0,1.0,2.0,2.0,1.0,8.0,3.0,2.0,0.0,0.0,0.0,2.0,9.0,0.0,1.0,7.0,0.0,0.0,0.0,0.0,0.0,0.0,1.0,0.0,1.0,1.0,1.0,0.0,0.0,3.0,0.0,0.0,0.0,2.0,5.0,1.0,8.0,3.0,0.0,2.0,1.0,0.0,1.0,88.0,0.0,1.0,0.0,7.0,1.0,0.0,0.0,0.0
2010,enero,primero,2.0,2.0,2.0,2.0,1.0,8.0,3.0,3.0,0.0,0.0,0.0,3.0,9.0,0.0,1.0,7.0,0.0,0.0,0.0,0.0,0.0,1.0,1.0,0.0,1.0,1.0,1.0,1.0,0.0,3.0,0.0,1.0,0.0,3.0,6.0,1.0,8.0,3.0,0.0,2.0,1.0,0.0,2.0,114.0,0.0,1.0,0.0,9.0,2.0,0.0,0.0,0.0
2010,febrero,primero,2.0,4.0,2.0,3.0,1.0,11.0,3.0,4.0,0.0,0.0,0.0,5.0,9.0,0.0,1.0,7.0,0.0,0.0,0.0,0.0,0.0,1.0,1.0,0.0,1.0,1.0,1.0,1.0,0.0,3.0,0.0,1.0,0.0,3.0,7.0,1.0,9.0,3.0,0.0,2.0,1.0,0.0,2.0,136.0,0.0,1.0,0.0,9.0,2.0,0.0,0.0,0.0
2010,marzo,primero,3.0,6.0,2.0,4.0,1.0,12.0,4.0,4.0,0.0,0.0,0.0,5.0,9.0,0.0,1.0,9.0,0.0,0.0,0.0,0.0,0.0,1.0,1.0,0.0,1.0,1.0,1.0,1.0,0.0,3.0,1.0,1.0,1.0,3.0,7.0,1.0,12.0,3.0,0.0,4.0,1.0,0.0,2.0,152.0,0.0,1.0,0.0,10.0,2.0,0.0,0.0,0.0
2010,abril,segundo,4.0,7.0,3.0,4.0,1.0,12.0,4.0,5.0,0.0,0.0,0.0,6.0,9.0,0.0,2.0,10.0,0.0,0.0,1.0,1.0,0.0,1.0,2.0,2.0,1.0,2.0,1.0,1.0,0.0,5.0,2.0,1.0,1.0,3.0,8.0,1.0,13.0,4.0,0.0,4.0,1.0,0.0,5.0,161.0,1.0,1.0,0.0,10.0,2.0,1.0,0.0,0.0
2010,mayo,segundo,4.0,7.0,4.0,6.0,1.0,14.0,6.0,5.0,0.0,1.0,1.0,8.0,10.0,2.0,3.0,10.0,0.0,0.0,1.0,1.0,0.0,1.0,2.0,3.0,1.0,2.0,3.0,1.0,0.0,5.0,3.0,1.0,1.0,5.0,8.0,2.0,20.0,4.0,0.0,4.0,1.0,0.0,5.0,186.0,1.0,1.0,0.0,10.0,2.0,1.0,0.0,0.0
2010,junio,segundo,5.0,8.0,5.0,6.0,1.0,15.0,6.0,7.0,0.0,1.0,1.0,8.0,11.0,2.0,5.0,12.0,0.0,0.0,1.0,1.0,0.0,2.0,3.0,3.0,1.0,3.0,4.0,1.0,0.0,5.0,5.0,1.0,1.0,6.0,8.0,2.0,22.0,4.0,0.0,6.0,2.0,0.0,5.0,209.0,1.0,1.0,0.0,11.0,2.0,1.0,0.0,0.0
2010,julio,tercero,5.0,9.0,5.0,10.0,3.0,17.0,7.0,10.0,0.0,1.0,1.0,9.0,11.0,2.0,5.0,14.0,1.0,0.0,1.0,1.0,0.0,3.0,3.0,3.0,1.0,3.0,4.0,1.0,0.0,6.0,6.0,1.0,1.0,7.0,11.0,2.0,24.0,4.0,1.0,6.0,2.0,0.0,5.0,231.0,1.0,1.0,0.0,12.0,3.0,2.0,0.0,0.0
2010,agosto,tercero,5.0,10.0,6.0,13.0,3.0,20.0,8.0,12.0,0.0,1.0,2.0,10.0,13.0,3.0,6.0,15.0,1.0,0.0,2.0,1.0,0.0,3.0,4.0,3.0,1.0,3.0,5.0,2.0,0.0,6.0,9.0,1.0,1.0,7.0,11.0,2.0,28.0,5.0,2.0,8.0,4.0,0.0,6.0,255.0,1.0,1.0,0.0,15.0,3.0,2.0,0.0,0.0
2010,septiembre,tercero,5.0,11.0,7.0,16.0,3.0,21.0,10.0,14.0,0.0,3.0,2.0,12.0,14.0,3.0,7.0,16.0,1.0,0.0,2.0,1.0,0.0,5.0,4.0,5.0,1.0,3.0,5.0,2.0,0.0,8.0,12.0,1.0,1.0,7.0,13.0,2.0,31.0,5.0,2.0,10.0,6.0,0.0,6.0,266.0,2.0,1.0,0.0,15.0,3.0,4.0,0.0,0.0
2010,octubre,cuarto,6.0,12.0,8.0,18.0,4.0,21.0,16.0,15.0,1.0,3.0,3.0,13.0,14.0,3.0,8.0,16.0,1.0,0.0,2.0,1.0,0.0,5.0,6.0,5.0,1.0,3.0,6.0,2.0,0.0,10.0,13.0,1.0,1.0,8.0,13.0,3.0,34.0,5.0,2.0,10.0,6.0,0.0,6.0,272.0,3.0,1.0,0.0,16.0,4.0,5.0,0.0,0.0
2010,noviembre,cuarto,6.0,12.0,8.0,20.0,4.0,21.0,19.0,15.0,1.0,5.0,3.0,15.0,15.0,4.0,8.0,17.0,1.0,1.0,2.0,3.0,0.0,5.0,7.0,8.0,1.0,3.0,6.0,2.0,1.0,10.0,16.0,1.0,2.0,8.0,16.0,3.0,40.0,5.0,2.0,10.0,6.0,0.0,7.0,284.0,5.0,1.0,0.0,16.0,4.0,5.0,0.0,0.0
2010,diciembre,cuarto,7.0,12.0,9.0,20.0,5.0,25.0,25.0,15.0,1.0,6.0,4.0,15.0,16.0,7.0,10.0,18.0,1.0,1.0,2.0,4.0,0.0,5.0,7.0,8.0,1.0,3.0,8.0,2.0,2.0,10.0,16.0,1.0,2.0,8.0,16.0,3.0,44.0,5.0,3.0,10.0,6.0,0.0,7.0,307.0,6.0,1.0,0.0,17.0,4.0,5.0,0.0,0.0
2011,enero,primero,7.0,12.0,10.0,22.0,5.0,28.0,25.0,16.0,1.0,7.0,5.0,15.0,17.0,11.0,13.0,22.0,1.0,1.0,2.0,5.0,0.0,5.0,7.0,8.0,1.0,3.0,10.0,2.0,2.0,11.0,17.0,1.0,3.0,8.0,16.0,3.0,49.0,6.0,3.0,10.0,6.0,0.0,8.0,317.0,6.0,1.0,0.0,19.0,6.0,5.0,0.0,0.0
2011,febrero,primero,7.0,12.0,10.0,24.0,7.0,28.0,30.0,19.0,2.0,9.0,6.0,16.0,18.0,11.0,14.0,25.0,1.0,1.0,2.0,5.0,0.0,6.0,7.0,8.0,1.0,3.0,11.0,2.0,2.0,11.0,19.0,1.0,3.0,8.0,18.0,3.0,52.0,6.0,4.0,12.0,6.0,0.0,9.0,331.0,9.0,1.0,0.0,19.0,6.0,5.0,0.0,0.0
2011,marzo,primero,8.0,13.0,10.0,25.0,7.0,29.0,38.0,22.0,2.0,10.0,6.0,17.0,20.0,13.0,14.0,29.0,2.0,1.0,2.0,7.0,0.0,6.0,9.0,8.0,1.0,4.0,12.0,2.0,2.0,12.0,19.0,1.0,3.0,8.0,19.0,3.0,59.0,6.0,4.0,14.0,7.0,0.0,10.0,354.0,11.0,1.0,0.0,21.0,7.0,6.0,0.0,0.0
2011,abril,segundo,9.0,14.0,10.0,25.0,7.0,29.0,41.0,23.0,2.0,10.0,6.0,18.0,20.0,13.0,15.0,34.0,2.0,1.0,2.0,8.0,0.0,6.0,9.0,8.0,1.0,4.0,14.0,2.0,2.0,13.0,22.0,1.0,3.0,9.0,20.0,4.0,61.0,7.0,5.0,15.0,7.0,0.0,10.0,365.0,11.0,1.0,0.0,21.0,7.0,6.0,0.0,0.0
2011,mayo,segundo,9.0,17.0,10.0,26.0,9.0,32.0,43.0,27.0,2.0,10.0,6.0,19.0,23.0,14.0,16.0,34.0,2.0,1.0,2.0,8.0,0.0,6.0,10.0,8.0,1.0,4.0,15.0,2.0,2.0,14.0,22.0,1.0,3.0,9.0,24.0,4.0,63.0,7.0,5.0,15.0,7.0,0.0,10.0,391.0,12.0,1.0,2.0,21.0,9.0,7.0,0.0,0.0
2011,junio,segundo,10.0,18.0,11.0,28.0,9.0,34.0,47.0,29.0,2.0,10.0,6.0,20.0,24.0,14.0,18.0,34.0,3.0,1.0,2.0,9.0,0.0,7.0,12.0,8.0,1.0,4.0,15.0,2.0,2.0,14.0,22.0,1.0,4.0,9.0,26.0,4.0,63.0,7.0,5.0,15.0,7.0,0.0,10.0,405.0,14.0,1.0,3.0,24.0,11.0,8.0,0.0,0.0
2011,julio,tercero,10.0,18.0,11.0,30.0,9.0,38.0,47.0,32.0,4.0,10.0,6.0,21.0,24.0,16.0,19.0,37.0,3.0,1.0,3.0,10.0,0.0,7.0,13.0,8.0,1.0,4.0,15.0,2.0,2.0,14.0,23.0,1.0,4.0,9.0,26.0,4.0,64.0,7.0,5.0,15.0,7.0,0.0,11.0,419.0,14.0,1.0,3.0,25.0,11.0,8.0,0.0,0.0
2011,agosto,tercero,10.0,18.0,12.0,31.0,10.0,40.0,54.0,33.0,4.0,10.0,8.0,21.0,28.0,17.0,21.0,37.0,3.0,1.0,3.0,12.0,0.0,7.0,14.0,8.0,1.0,4.0,15.0,2.0,2.0,14.0,23.0,2.0,5.0,10.0,28.0,4.0,64.0,7.0,5.0,15.0,7.0,0.0,12.0,438.0,15.0,1.0,3.0,26.0,12.0,9.0,0.0,0.0
2011,septiembre,tercero,10.0,20.0,12.0,33.0,10.0,40.0,57.0,36.0,4.0,10.0,8.0,23.0,30.0,18.0,22.0,39.0,3.0,1.0,3.0,13.0,0.0,8.0,15.0,8.0,1.0,4.0,15.0,2.0,2.0,15.0,26.0,2.0,5.0,10.0,28.0,4.0,67.0,8.0,5.0,15.0,8.0,0.0,13.0,460.0,17.0,1.0,3.0,29.0,13.0,9.0,0.0,0.0
2011,octubre,cuarto,11.0,21.0,13.0,34.0,10.0,41.0,62.0,39.0,4.0,10.0,8.0,24.0,30.0,20.0,24.0,41.0,3.0,1.0,3.0,13.0,0.0,8.0,17.0,8.0,1.0,4.0,15.0,2.0,2.0,15.0,27.0,2.0,5.0,10.0,31.0,5.0,73.0,9.0,6.0,15.0,9.0,2.0,15.0,474.0,17.0,1.0,3.0,30.0,13.0,9.0,0.0,0.0
2011,noviembre,cuarto,15.0,21.0,13.0,34.0,10.0,41.0,64.0,41.0,4.0,10.0,9.0,26.0,30.0,21.0,24.0,43.0,3.0,1.0,3.0,13.0,0.0,9.0,17.0,8.0,1.0,4.0,15.0,2.0,3.0,15.0,29.0,3.0,5.0,10.0,33.0,5.0,77.0,9.0,6.0,16.0,9.0,2.0,15.0,488.0,17.0,1.0,3.0,33.0,16.0,9.0,0.0,0.0
2011,diciembre,cuarto,15.0,22.0,13.0,34.0,10.0,42.0,69.0,44.0,4.0,10.0,9.0,26.0,30.0,22.0,27.0,43.0,3.0,1.0,3.0,13.0,0.0,9.0,17.0,8.0,1.0,4.0,17.0,2.0,3.0,15.0,30.0,3.0,5.0,11.0,33.0,5.0,77.0,10.0,7.0,16.0,9.0,2.0,15.0,498.0,18.0,1.0,3.0,35.0,19.0,10.0,0.0,0.0
2012,enero,primero,18.0,23.0,14.0,36.0,11.0,43.0,74.0,46.0,4.0,11.0,9.0,26.0,30.0,23.0,27.0,43.0,3.0,1.0,3.0,13.0,0.0,10.0,17.0,8.0,1.0,4.0,17.0,2.0,3.0,15.0,31.0,3.0,5.0,12.0,36.0,5.0,80.0,12.0,7.0,16.0,9.0,2.0,15.0,517.0,18.0,2.0,3.0,37.0,19.0,10.0,0.0,0.0
2012,febrero,primero,18.0,24.0,14.0,37.0,11.0,44.0,74.0,46.0,4.0,12.0,9.0,26.0,30.0,24.0,27.0,43.0,3.0,1.0,3.0,13.0,0.0,10.0,17.0,8.0,1.0,5.0,18.0,2.0,3.0,15.0,33.0,3.0,5.0,12.0,36.0,5.0,83.0,13.0,7.0,16.0,9.0,2.0,15.0,526.0,20.0,2.0,3.0,40.0,21.0,10.0,0.0,0.0
2012,marzo,primero,21.0,24.0,14.0,38.0,11.0,46.0,75.0,48.0,4.0,12.0,9.0,26.0,30.0,24.0,27.0,44.0,3.0,1.0,3.0,13.0,0.0,10.0,17.0,8.0,1.0,5.0,19.0,2.0,3.0,17.0,33.0,3.0,7.0,13.0,38.0,5.0,87.0,14.0,7.0,16.0,9.0,2.0,16.0,536.0,20.0,2.0,3.0,40.0,23.0,10.0,0.0,0.0
2012,abril,segundo,21.0,24.0,14.0,39.0,12.0,46.0,76.0,50.0,4.0,12.0,9.0,26.0,30.0,24.0,28.0,44.0,3.0,1.0,4.0,14.0,0.0,10.0,17.0,8.0,1.0,5.0,20.0,2.0,3.0,17.0,34.0,3.0,7.0,14.0,38.0,5.0,91.0,15.0,7.0,16.0,9.0,2.0,16.0,546.0,20.0,2.0,3.0,41.0,23.0,11.0,0.0,0.0
2012,mayo,segundo,22.0,25.0,14.0,41.0,12.0,46.0,78.0,52.0,4.0,12.0,10.0,26.0,30.0,24.0,30.0,47.0,3.0,1.0,4.0,14.0,0.0,11.0,17.0,8.0,1.0,5.0,21.0,2.0,3.0,19.0,34.0,3.0,7.0,15.0,41.0,5.0,98.0,16.0,8.0,16.0,9.0,2.0,17.0,560.0,20.0,2.0,3.0,45.0,23.0,11.0,0.0,0.0
2012,junio,segundo,23.0,26.0,15.0,43.0,12.0,47.0,80.0,52.0,4.0,13.0,10.0,27.0,31.0,25.0,33.0,49.0,3.0,1.0,4.0,14.0,0.0,11.0,17.0,8.0,1.0,5.0,21.0,2.0,4.0,19.0,35.0,3.0,7.0,16.0,43.0,5.0,106.0,18.0,8.0,16.0,9.0,2.0,21.0,569.0,20.0,2.0,3.0,48.0,23.0,11.0,0.0,0.0
2012,julio,tercero,24.0,28.0,17.0,46.0,13.0,49.0,84.0,52.0,5.0,15.0,10.0,27.0,32.0,26.0,33.0,51.0,3.0,2.0,4.0,14.0,0.0,11.0,17.0,8.0,1.0,5.0,21.0,2.0,4.0,21.0,37.0,4.0,8.0,17.0,46.0,5.0,107.0,18.0,8.0,16.0,9.0,2.0,21.0,579.0,21.0,2.0,3.0,48.0,23.0,11.0,0.0,0.0
2012,agosto,tercero,26.0,28.0,17.0,46.0,13.0,50.0,86.0,54.0,5.0,15.0,11.0,28.0,32.0,26.0,33.0,51.0,3.0,2.0,4.0,14.0,1.0,11.0,17.0,8.0,1.0,6.0,21.0,2.0,4.0,23.0,37.0,4.0,8.0,18.0,47.0,6.0,110.0,18.0,8.0,16.0,9.0,2.0,21.0,587.0,21.0,2.0,3.0,52.0,24.0,11.0,0.0,0.0
2012,septiembre,tercero,26.0,28.0,17.0,47.0,14.0,52.0,87.0,60.0,5.0,15.0,11.0,28.0,32.0,26.0,35.0,51.0,4.0,2.0,4.0,14.0,1.0,11.0,17.0,8.0,1.0,6.0,22.0,2.0,4.0,23.0,37.0,4.0,8.0,18.0,49.0,6.0,113.0,18.0,8.0,16.0,9.0,2.0,21.0,591.0,21.0,3.0,3.0,54.0,24.0,11.0,0.0,0.0
2012,octubre,cuarto,28.0,28.0,17.0,48.0,14.0,54.0,88.0,60.0,5.0,15.0,11.0,29.0,33.0,27.0,35.0,51.0,4.0,2.0,4.0,14.0,1.0,11.0,17.0,8.0,1.0,6.0,22.0,2.0,4.0,24.0,37.0,4.0,8.0,19.0,53.0,6.0,116.0,18.0,8.0,16.0,9.0,2.0,21.0,600.0,22.0,3.0,3.0,55.0,24.0,11.0,0.0,0.0
2012,noviembre,cuarto,31.0,29.0,18.0,51.0,14.0,54.0,92.0,60.0,5.0,15.0,11.0,30.0,33.0,28.0,37.0,53.0,4.0,2.0,4.0,14.0,1.0,11.0,17.0,8.0,1.0,6.0,22.0,2.0,4.0,24.0,37.0,4.0,8.0,21.0,57.0,6.0,118.0,18.0,9.0,16.0,10.0,2.0,21.0,611.0,23.0,3.0,3.0,59.0,24.0,11.0,0.0,0.0
2012,diciembre,cuarto,33.0,31.0,19.0,51.0,14.0,56.0,94.0,61.0,5.0,15.0,12.0,31.0,33.0,29.0,38.0,53.0,4.0,2.0,4.0,14.0,1.0,12.0,18.0,8.0,1.0,6.0,22.0,2.0,4.0,25.0,37.0,4.0,8.0,23.0,57.0,6.0,120.0,18.0,9.0,16.0,10.0,2.0,21.0,619.0,23.0,3.0,3.0,60.0,24.0,11.0,0.0,0.0
2013,enero,primero,34.0,32.0,19.0,52.0,14.0,57.0,97.0,63.0,5.0,15.0,12.0,31.0,33.0,29.0,40.0,53.0,4.0,2.0,4.0,14.0,1.0,12.0,18.0,8.0,1.0,6.0,22.0,2.0,4.0,26.0,38.0,4.0,8.0,25.0,59.0,6.0,121.0,18.0,9.0,16.0,11.0,2.0,21.0,630.0,23.0,4.0,3.0,61.0,24.0,11.0,0.0,0.0
2013,febrero,primero,34.0,32.0,19.0,53.0,14.0,58.0,99.0,64.0,5.0,15.0,12.0,32.0,34.0,30.0,41.0,54.0,4.0,2.0,5.0,14.0,1.0,12.0,18.0,8.0,1.0,6.0,24.0,2.0,4.0,26.0,39.0,4.0,8.0,26.0,65.0,6.0,121.0,18.0,9.0,19.0,11.0,2.0,22.0,641.0,23.0,5.0,3.0,61.0,25.0,12.0,0.0,0.0
2013,marzo,primero,34.0,32.0,20.0,53.0,14.0,60.0,101.0,66.0,5.0,15.0,12.0,34.0,34.0,31.0,42.0,55.0,4.0,2.0,6.0,14.0,1.0,12.0,19.0,8.0,1.0,6.0,24.0,2.0,4.0,27.0,39.0,4.0,8.0,27.0,66.0,6.0,124.0,18.0,9.0,19.0,11.0,2.0,22.0,653.0,23.0,5.0,3.0,63.0,25.0,12.0,0.0,0.0
2013,abril,segundo,35.0,32.0,20.0,56.0,14.0,63.0,102.0,69.0,5.0,15.0,12.0,35.0,35.0,32.0,43.0,56.0,4.0,2.0,6.0,14.0,1.0,12.0,19.0,8.0,1.0,6.0,24.0,2.0,4.0,28.0,39.0,4.0,9.0,27.0,68.0,6.0,127.0,19.0,9.0,19.0,11.0,3.0,22.0,667.0,23.0,5.0,3.0,63.0,25.0,12.0,0.0,0.0
2013,mayo,segundo,36.0,33.0,21.0,56.0,14.0,63.0,105.0,69.0,5.0,15.0,12.0,35.0,35.0,32.0,44.0,56.0,4.0,2.0,7.0,14.0,1.0,12.0,20.0,8.0,1.0,6.0,24.0,2.0,4.0,29.0,39.0,4.0,9.0,27.0,72.0,6.0,129.0,19.0,9.0,20.0,11.0,3.0,23.0,676.0,23.0,5.0,3.0,64.0,26.0,12.0,0.0,0.0
2013,junio,segundo,38.0,35.0,21.0,56.0,14.0,65.0,109.0,70.0,5.0,15.0,12.0,37.0,35.0,34.0,46.0,56.0,4.0,2.0,7.0,14.0,1.0,12.0,20.0,8.0,1.0,7.0,24.0,2.0,5.0,30.0,39.0,4.0,9.0,27.0,74.0,6.0,133.0,20.0,9.0,20.0,11.0,3.0,23.0,683.0,24.0,5.0,3.0,64.0,26.0,13.0,0.0,0.0
2013,julio,tercero,40.0,35.0,23.0,56.0,15.0,67.0,112.0,71.0,5.0,15.0,12.0,39.0,35.0,34.0,46.0,57.0,4.0,2.0,7.0,14.0,1.0,14.0,20.0,8.0,1.0,7.0,24.0,2.0,5.0,31.0,39.0,4.0,9.0,27.0,75.0,6.0,138.0,20.0,9.0,22.0,11.0,4.0,23.0,695.0,25.0,5.0,4.0,64.0,27.0,13.0,0.0,0.0
2013,agosto,tercero,40.0,36.0,23.0,56.0,16.0,69.0,116.0,72.0,5.0,16.0,13.0,40.0,35.0,34.0,50.0,57.0,4.0,2.0,7.0,15.0,1.0,15.0,20.0,8.0,1.0,7.0,25.0,2.0,6.0,31.0,39.0,4.0,11.0,28.0,78.0,6.0,139.0,20.0,10.0,23.0,11.0,4.0,24.0,702.0,25.0,5.0,4.0,68.0,27.0,13.0,0.0,0.0
2013,septiembre,tercero,40.0,36.0,23.0,56.0,16.0,72.0,119.0,75.0,5.0,16.0,13.0,41.0,35.0,34.0,53.0,58.0,4.0,2.0,8.0,15.0,1.0,15.0,20.0,8.0,1.0,7.0,25.0,2.0,6.0,31.0,39.0,4.0,11.0,28.0,79.0,6.0,140.0,20.0,10.0,23.0,11.0,5.0,24.0,708.0,25.0,7.0,5.0,72.0,27.0,13.0,0.0,0.0
2013,octubre,cuarto,41.0,37.0,24.0,58.0,16.0,73.0,119.0,78.0,5.0,17.0,13.0,42.0,37.0,36.0,53.0,60.0,4.0,2.0,8.0,17.0,1.0,15.0,20.0,9.0,1.0,7.0,26.0,2.0,7.0,32.0,43.0,4.0,11.0,30.0,81.0,6.0,144.0,20.0,10.0,23.0,12.0,5.0,24.0,717.0,26.0,7.0,5.0,77.0,28.0,14.0,0.0,0.0
2013,noviembre,cuarto,43.0,38.0,25.0,61.0,16.0,76.0,124.0,81.0,5.0,17.0,13.0,44.0,37.0,36.0,54.0,62.0,5.0,2.0,9.0,17.0,1.0,15.0,20.0,9.0,1.0,7.0,27.0,2.0,7.0,32.0,43.0,5.0,11.0,32.0,83.0,6.0,147.0,20.0,10.0,24.0,12.0,6.0,26.0,725.0,28.0,7.0,5.0,79.0,28.0,14.0,0.0,0.0
2013,diciembre,cuarto,43.0,39.0,25.0,63.0,16.0,76.0,127.0,83.0,5.0,17.0,13.0,45.0,37.0,36.0,56.0,63.0,5.0,2.0,10.0,17.0,1.0,16.0,20.0,9.0,1.0,7.0,28.0,2.0,7.0,33.0,44.0,5.0,11.0,32.0,85.0,6.0,151.0,20.0,10.0,24.0,12.0,6.0,27.0,733.0,29.0,7.0,6.0,80.0,29.0,14.0,0.0,0.0
2014,enero,primero,43.0,39.0,25.0,65.0,16.0,76.0,131.0,85.0,5.0,17.0,13.0,45.0,37.0,38.0,58.0,63.0,5.0,2.0,10.0,17.0,1.0,17.0,21.0,10.0,1.0,7.0,28.0,2.0,7.0,33.0,45.0,5.0,11.0,32.0,85.0,6.0,154.0,21.0,10.0,24.0,12.0,6.0,27.0,747.0,29.0,7.0,6.0,80.0,30.0,14.0,0.0,0.0
2014,febrero,primero,44.0,41.0,28.0,68.0,16.0,76.0,133.0,86.0,5.0,17.0,13.0,46.0,37.0,38.0,58.0,64.0,5.0,2.0,10.0,18.0,1.0,17.0,21.0,10.0,1.0,7.0,29.0,2.0,7.0,33.0,47.0,5.0,11.0,33.0,87.0,8.0,159.0,21.0,10.0,24.0,12.0,6.0,29.0,760.0,33.0,7.0,6.0,80.0,31.0,14.0,0.0,0.0
2014,marzo,primero,44.0,41.0,31.0,73.0,17.0,76.0,135.0,86.0,5.0,17.0,13.0,46.0,38.0,38.0,58.0,64.0,5.0,2.0,12.0,18.0,2.0,17.0,21.0,10.0,1.0,7.0,30.0,2.0,7.0,33.0,47.0,5.0,11.0,33.0,88.0,8.0,161.0,21.0,10.0,24.0,12.0,6.0,30.0,773.0,34.0,7.0,6.0,82.0,31.0,14.0,0.0,0.0
2014,abril,segundo,47.0,41.0,34.0,73.0,17.0,77.0,137.0,86.0,5.0,17.0,13.0,47.0,38.0,41.0,59.0,66.0,5.0,2.0,12.0,18.0,2.0,17.0,21.0,11.0,1.0,7.0,31.0,2.0,7.0,33.0,47.0,6.0,12.0,33.0,92.0,8.0,164.0,21.0,10.0,24.0,12.0,6.0,30.0,784.0,34.0,7.0,7.0,85.0,31.0,14.0,0.0,0.0
2014,mayo,segundo,48.0,42.0,34.0,75.0,17.0,77.0,140.0,87.0,5.0,17.0,13.0,47.0,40.0,42.0,61.0,66.0,5.0,2.0,12.0,18.0,2.0,18.0,21.0,12.0,1.0,7.0,33.0,2.0,9.0,36.0,48.0,6.0,12.0,33.0,93.0,8.0,167.0,22.0,10.0,24.0,12.0,6.0,31.0,787.0,34.0,7.0,7.0,87.0,31.0,14.0,0.0,0.0
2014,junio,segundo,48.0,42.0,35.0,75.0,18.0,78.0,146.0,87.0,5.0,17.0,13.0,47.0,40.0,44.0,62.0,67.0,5.0,2.0,12.0,18.0,3.0,18.0,21.0,12.0,1.0,7.0,35.0,2.0,9.0,36.0,48.0,6.0,12.0,34.0,97.0,8.0,171.0,22.0,10.0,25.0,12.0,6.0,31.0,795.0,35.0,7.0,7.0,89.0,31.0,14.0,0.0,0.0
2014,julio,tercero,50.0,42.0,35.0,79.0,18.0,79.0,148.0,88.0,5.0,17.0,14.0,49.0,40.0,44.0,64.0,68.0,5.0,2.0,14.0,18.0,3.0,19.0,21.0,12.0,1.0,8.0,36.0,2.0,9.0,39.0,48.0,6.0,12.0,36.0,99.0,8.0,175.0,24.0,10.0,26.0,12.0,6.0,33.0,805.0,37.0,8.0,7.0,90.0,32.0,14.0,0.0,0.0
2014,agosto,tercero,52.0,44.0,35.0,79.0,18.0,79.0,151.0,91.0,6.0,17.0,14.0,49.0,40.0,44.0,65.0,70.0,5.0,2.0,14.0,18.0,3.0,19.0,21.0,12.0,1.0,8.0,37.0,2.0,9.0,41.0,48.0,6.0,12.0,37.0,100.0,8.0,178.0,24.0,10.0,27.0,13.0,6.0,33.0,815.0,38.0,9.0,7.0,92.0,33.0,14.0,0.0,0.0
2014,septiembre,tercero,57.0,44.0,38.0,79.0,18.0,81.0,156.0,93.0,6.0,17.0,14.0,49.0,40.0,45.0,65.0,72.0,5.0,2.0,15.0,18.0,3.0,19.0,21.0,12.0,1.0,8.0,39.0,2.0,10.0,41.0,49.0,6.0,12.0,38.0,101.0,8.0,185.0,24.0,11.0,27.0,13.0,6.0,34.0,828.0,39.0,9.0,7.0,92.0,33.0,14.0,0.0,0.0
2014,octubre,cuarto,58.0,46.0,38.0,83.0,18.0,83.0,161.0,94.0,6.0,17.0,14.0,50.0,41.0,46.0,67.0,74.0,5.0,2.0,15.0,18.0,3.0,19.0,21.0,12.0,1.0,8.0,40.0,2.0,11.0,42.0,50.0,6.0,12.0,39.0,104.0,8.0,190.0,24.0,12.0,27.0,13.0,6.0,37.0,840.0,40.0,9.0,7.0,94.0,33.0,14.0,0.0,0.0
2014,noviembre,cuarto,59.0,47.0,40.0,84.0,20.0,86.0,163.0,94.0,6.0,17.0,15.0,50.0,41.0,46.0,68.0,77.0,5.0,2.0,15.0,18.0,3.0,19.0,21.0,12.0,1.0,9.0,41.0,2.0,11.0,43.0,51.0,6.0,12.0,40.0,104.0,8.0,192.0,25.0,13.0,27.0,13.0,7.0,38.0,846.0,41.0,9.0,7.0,96.0,33.0,14.0,0.0,0.0
2014,diciembre,cuarto,61.0,49.0,43.0,88.0,21.0,86.0,165.0,95.0,6.0,17.0,17.0,51.0,42.0,46.0,71.0,77.0,5.0,2.0,16.0,18.0,3.0,19.0,21.0,12.0,1.0,9.0,41.0,2.0,11.0,44.0,53.0,6.0,12.0,41.0,105.0,8.0,196.0,25.0,13.0,27.0,13.0,8.0,38.0,852.0,42.0,10.0,8.0,97.0,35.0,14.0,0.0,0.0
2015,enero,primero,62.0,50.0,44.0,89.0,21.0,86.0,167.0,97.0,6.0,17.0,17.0,51.0,44.0,46.0,73.0,77.0,5.0,2.0,16.0,18.0,3.0,19.0,21.0,12.0,1.0,9.0,42.0,2.0,11.0,45.0,53.0,6.0,12.0,41.0,109.0,8.0,203.0,25.0,13.0,27.0,13.0,8.0,39.0,860.0,44.0,10.0,9.0,98.0,35.0,14.0,0.0,0.0
2015,febrero,primero,64.0,50.0,45.0,89.0,21.0,86.0,171.0,105.0,6.0,17.0,17.0,51.0,44.0,47.0,76.0,77.0,5.0,2.0,16.0,18.0,3.0,19.0,21.0,12.0,1.0,9.0,42.0,2.0,12.0,45.0,53.0,7.0,12.0,45.0,113.0,10.0,208.0,26.0,13.0,27.0,13.0,8.0,40.0,873.0,44.0,10.0,9.0,98.0,36.0,14.0,0.0,0.0
2015,marzo,primero,65.0,50.0,46.0,93.0,21.0,88.0,175.0,106.0,6.0,17.0,17.0,52.0,44.0,48.0,77.0,77.0,5.0,2.0,17.0,18.0,3.0,19.0,21.0,12.0,1.0,9.0,42.0,2.0,13.0,45.0,56.0,8.0,12.0,47.0,114.0,10.0,212.0,26.0,13.0,27.0,13.0,8.0,41.0,882.0,44.0,11.0,9.0,99.0,36.0,14.0,0.0,0.0
2015,abril,segundo,66.0,51.0,47.0,97.0,21.0,90.0,178.0,106.0,6.0,17.0,18.0,52.0,45.0,48.0,78.0,77.0,6.0,2.0,17.0,18.0,3.0,22.0,21.0,13.0,1.0,10.0,42.0,2.0,14.0,45.0,56.0,9.0,12.0,47.0,119.0,11.0,217.0,26.0,13.0,27.0,13.0,8.0,41.0,889.0,44.0,13.0,9.0,99.0,36.0,14.0,0.0,0.0
2015,mayo,segundo,67.0,53.0,50.0,100.0,22.0,91.0,181.0,106.0,6.0,17.0,18.0,55.0,45.0,48.0,80.0,78.0,6.0,2.0,18.0,19.0,3.0,22.0,21.0,13.0,1.0,10.0,43.0,2.0,14.0,45.0,56.0,10.0,12.0,48.0,121.0,12.0,224.0,26.0,13.0,27.0,13.0,10.0,41.0,902.0,44.0,14.0,9.0,99.0,38.0,14.0,0.0,0.0
2015,junio,segundo,71.0,55.0,53.0,104.0,23.0,95.0,182.0,110.0,7.0,17.0,18.0,56.0,45.0,50.0,83.0,78.0,6.0,2.0,18.0,19.0,3.0,22.0,21.0,13.0,1.0,10.0,43.0,2.0,14.0,45.0,56.0,12.0,13.0,48.0,122.0,14.0,231.0,27.0,13.0,27.0,13.0,10.0,41.0,916.0,47.0,15.0,10.0,99.0,38.0,14.0,0.0,0.0
2015,julio,tercero,76.0,57.0,55.0,107.0,23.0,98.0,188.0,111.0,7.0,17.0,19.0,57.0,48.0,52.0,84.0,81.0,6.0,3.0,19.0,19.0,3.0,22.0,21.0,13.0,1.0,10.0,44.0,2.0,14.0,45.0,56.0,12.0,13.0,48.0,124.0,14.0,239.0,27.0,14.0,27.0,13.0,10.0,41.0,932.0,50.0,15.0,10.0,101.0,38.0,14.0,0.0,0.0
2015,agosto,tercero,78.0,59.0,57.0,108.0,23.0,101.0,192.0,112.0,7.0,17.0,19.0,57.0,49.0,54.0,85.0,82.0,6.0,3.0,20.0,19.0,3.0,23.0,21.0,13.0,1.0,10.0,44.0,2.0,14.0,45.0,56.0,12.0,13.0,49.0,126.0,14.0,240.0,27.0,14.0,27.0,13.0,10.0,41.0,938.0,50.0,15.0,10.0,103.0,39.0,14.0,0.0,0.0
2015,septiembre,tercero,79.0,62.0,61.0,111.0,24.0,101.0,196.0,115.0,7.0,17.0,20.0,59.0,49.0,56.0,85.0,82.0,6.0,4.0,21.0,19.0,3.0,27.0,21.0,13.0,1.0,10.0,44.0,2.0,14.0,46.0,56.0,13.0,13.0,49.0,130.0,14.0,242.0,27.0,15.0,27.0,13.0,10.0,41.0,944.0,50.0,15.0,10.0,104.0,39.0,14.0,0.0,0.0
2015,octubre,cuarto,85.0,62.0,66.0,113.0,26.0,104.0,200.0,119.0,7.0,17.0,21.0,62.0,49.0,57.0,86.0,85.0,6.0,4.0,22.0,19.0,3.0,27.0,21.0,13.0,1.0,11.0,44.0,2.0,14.0,47.0,57.0,14.0,13.0,49.0,132.0,14.0,249.0,29.0,15.0,29.0,13.0,10.0,41.0,952.0,52.0,17.0,10.0,104.0,39.0,14.0,0.0,0.0
2015,noviembre,cuarto,87.0,64.0,68.0,115.0,28.0,105.0,203.0,124.0,7.0,17.0,21.0,63.0,51.0,60.0,90.0,86.0,7.0,4.0,23.0,19.0,3.0,29.0,22.0,13.0,1.0,11.0,45.0,2.0,14.0,50.0,57.0,14.0,13.0,49.0,138.0,14.0,254.0,29.0,16.0,30.0,13.0,10.0,41.0,964.0,52.0,18.0,11.0,104.0,40.0,14.0,0.0,0.0
2015,diciembre,cuarto,90.0,66.0,71.0,118.0,29.0,110.0,208.0,127.0,7.0,17.0,22.0,66.0,51.0,61.0,95.0,87.0,7.0,4.0,24.0,19.0,3.0,29.0,23.0,13.0,1.0,11.0,46.0,2.0,15.0,53.0,58.0,15.0,13.0,49.0,142.0,16.0,262.0,29.0,18.0,30.0,13.0,10.0,42.0,979.0,54.0,22.0,11.0,105.0,40.0,14.0,0.0,0.0
2016,enero,primero,95.0,71.0,71.0,121.0,29.0,110.0,213.0,129.0,7.0,18.0,23.0,67.0,51.0,61.0,97.0,88.0,7.0,4.0,24.0,20.0,3.0,29.0,24.0,13.0,1.0,11.0,47.0,2.0,18.0,57.0,61.0,15.0,13.0,49.0,143.0,18.0,265.0,29.0,18.0,30.0,13.0,10.0,42.0,995.0,55.0,24.0,11.0,105.0,40.0,14.0,0.0,0.0
2016,febrero,primero,97.0,73.0,73.0,127.0,29.0,110.0,216.0,131.0,7.0,18.0,25.0,67.0,53.0,62.0,103.0,89.0,7.0,4.0,24.0,20.0,4.0,29.0,25.0,13.0,1.0,11.0,48.0,2.0,19.0,59.0,61.0,15.0,13.0,49.0,145.0,18.0,267.0,30.0,19.0,31.0,13.0,10.0,44.0,1008.0,57.0,25.0,11.0,107.0,40.0,14.0,0.0,0.0
2016,marzo,primero,98.0,75.0,76.0,131.0,31.0,112.0,220.0,132.0,7.0,18.0,32.0,73.0,53.0,64.0,107.0,89.0,7.0,5.0,26.0,21.0,4.0,29.0,26.0,13.0,1.0,11.0,48.0,2.0,19.0,60.0,64.0,15.0,13.0,50.0,147.0,19.0,269.0,31.0,19.0,31.0,13.0,10.0,46.0,1016.0,58.0,25.0,11.0,108.0,40.0,14.0,0.0,0.0
2016,abril,segundo,98.0,76.0,78.0,140.0,31.0,114.0,226.0,133.0,8.0,18.0,35.0,75.0,53.0,65.0,113.0,90.0,8.0,5.0,28.0,21.0,4.0,30.0,27.0,13.0,1.0,11.0,49.0,3.0,20.0,60.0,66.0,15.0,13.0,50.0,147.0,21.0,273.0,32.0,19.0,31.0,13.0,12.0,47.0,1031.0,60.0,26.0,11.0,110.0,40.0,14.0,0.0,0.0
2016,mayo,segundo,99.0,79.0,81.0,141.0,34.0,114.0,230.0,135.0,8.0,18.0,38.0,78.0,54.0,70.0,113.0,90.0,8.0,5.0,28.0,21.0,4.0,30.0,27.0,13.0,1.0,11.0,49.0,3.0,20.0,60.0,67.0,15.0,13.0,50.0,151.0,21.0,276.0,32.0,19.0,31.0,13.0,14.0,49.0,1048.0,62.0,26.0,12.0,111.0,40.0,14.0,0.0,0.0
2016,junio,segundo,106.0,82.0,84.0,147.0,35.0,116.0,236.0,141.0,8.0,18.0,40.0,79.0,56.0,73.0,114.0,91.0,8.0,5.0,28.0,21.0,6.0,30.0,28.0,13.0,1.0,11.0,49.0,3.0,22.0,61.0,67.0,16.0,13.0,50.0,151.0,21.0,282.0,32.0,19.0,32.0,13.0,14.0,49.0,1062.0,64.0,29.0,12.0,113.0,40.0,14.0,0.0,0.0
2016,julio,tercero,106.0,85.0,85.0,148.0,35.0,117.0,240.0,146.0,9.0,20.0,41.0,82.0,58.0,73.0,116.0,94.0,8.0,5.0,29.0,21.0,8.0,30.0,28.0,13.0,1.0,11.0,49.0,3.0,24.0,62.0,68.0,16.0,13.0,50.0,151.0,21.0,286.0,32.0,19.0,32.0,14.0,14.0,49.0,1077.0,65.0,30.0,12.0,117.0,40.0,14.0,0.0,0.0
2016,agosto,tercero,108.0,86.0,89.0,149.0,35.0,119.0,241.0,147.0,9.0,22.0,46.0,82.0,59.0,75.0,116.0,95.0,8.0,5.0,31.0,22.0,8.0,31.0,28.0,13.0,1.0,11.0,50.0,3.0,25.0,63.0,68.0,16.0,14.0,50.0,152.0,21.0,291.0,32.0,19.0,33.0,14.0,14.0,51.0,1084.0,66.0,33.0,12.0,118.0,40.0,14.0,0.0,0.0
2016,septiembre,tercero,111.0,88.0,92.0,151.0,37.0,123.0,242.0,150.0,9.0,22.0,46.0,85.0,60.0,75.0,117.0,97.0,8.0,5.0,31.0,24.0,9.0,33.0,28.0,13.0,1.0,12.0,51.0,3.0,26.0,64.0,72.0,16.0,14.0,51.0,154.0,22.0,296.0,32.0,19.0,33.0,14.0,14.0,52.0,1099.0,69.0,33.0,12.0,120.0,40.0,14.0,0.0,0.0
2016,octubre,cuarto,113.0,90.0,95.0,153.0,38.0,127.0,244.0,150.0,9.0,22.0,49.0,86.0,62.0,75.0,121.0,97.0,8.0,5.0,34.0,25.0,9.0,33.0,28.0,14.0,1.0,12.0,53.0,3.0,31.0,66.0,76.0,16.0,14.0,51.0,156.0,22.0,299.0,33.0,19.0,33.0,14.0,14.0,52.0,1115.0,73.0,33.0,12.0,123.0,40.0,14.0,0.0,0.0
2016,noviembre,cuarto,119.0,94.0,99.0,157.0,39.0,133.0,246.0,154.0,9.0,22.0,52.0,88.0,62.0,76.0,124.0,99.0,8.0,5.0,34.0,26.0,11.0,33.0,28.0,14.0,1.0,12.0,56.0,3.0,33.0,66.0,78.0,16.0,14.0,51.0,158.0,23.0,306.0,33.0,19.0,33.0,14.0,14.0,54.0,1132.0,74.0,33.0,12.0,127.0,40.0,14.0,0.0,0.0
2016,diciembre,cuarto,121.0,97.0,101.0,158.0,41.0,136.0,249.0,155.0,9.0,23.0,55.0,92.0,63.0,77.0,125.0,102.0,9.0,5.0,35.0,26.0,11.0,33.0,28.0,14.0,1.0,15.0,58.0,3.0,34.0,66.0,79.0,16.0,14.0,51.0,159.0,23.0,308.0,33.0,19.0,33.0,14.0,14.0,56.0,1145.0,79.0,33.0,12.0,130.0,40.0,14.0,0.0,0.0
2017,enero,primero,122.0,98.0,101.0,159.0,41.0,138.0,255.0,156.0,9.0,23.0,57.0,93.0,65.0,78.0,130.0,102.0,9.0,5.0,35.0,26.0,12.0,33.0,29.0,14.0,1.0,15.0,58.0,3.0,35.0,66.0,79.0,16.0,14.0,52.0,163.0,24.0,314.0,33.0,19.0,33.0,14.0,14.0,58.0,1162.0,80.0,33.0,12.0,133.0,41.0,14.0,0.0,0.0
2017,febrero,primero,129.0,99.0,104.0,161.0,41.0,142.0,266.0,159.0,9.0,23.0,60.0,94.0,67.0,82.0,132.0,104.0,10.0,6.0,35.0,27.0,12.0,34.0,29.0,14.0,1.0,15.0,58.0,3.0,35.0,67.0,80.0,16.0,14.0,53.0,164.0,24.0,321.0,33.0,19.0,33.0,14.0,14.0,59.0,1181.0,85.0,34.0,12.0,135.0,41.0,14.0,0.0,0.0
2017,marzo,primero,139.0,102.0,109.0,165.0,42.0,151.0,268.0,161.0,9.0,24.0,63.0,98.0,68.0,84.0,136.0,105.0,10.0,6.0,35.0,27.0,13.0,36.0,29.0,14.0,1.0,15.0,60.0,3.0,38.0,67.0,84.0,19.0,14.0,54.0,171.0,24.0,326.0,33.0,19.0,35.0,14.0,14.0,59.0,1196.0,86.0,34.0,12.0,140.0,41.0,14.0,0.0,0.0
2017,abril,segundo,141.0,104.0,112.0,168.0,42.0,156.0,268.0,163.0,9.0,24.0,64.0,102.0,69.0,84.0,137.0,106.0,12.0,6.0,35.0,27.0,14.0,36.0,29.0,14.0,1.0,15.0,62.0,3.0,39.0,67.0,85.0,20.0,15.0,56.0,172.0,25.0,327.0,34.0,19.0,36.0,14.0,14.0,59.0,1214.0,89.0,36.0,12.0,142.0,42.0,14.0,0.0,0.0
2017,mayo,segundo,144.0,104.0,114.0,170.0,43.0,164.0,270.0,167.0,9.0,24.0,66.0,105.0,70.0,88.0,137.0,107.0,12.0,6.0,36.0,27.0,16.0,38.0,29.0,14.0,1.0,15.0,67.0,3.0,40.0,67.0,88.0,21.0,15.0,56.0,175.0,26.0,330.0,35.0,19.0,36.0,14.0,14.0,61.0,1230.0,91.0,36.0,12.0,145.0,42.0,14.0,0.0,0.0
2017,junio,segundo,148.0,107.0,115.0,174.0,44.0,168.0,275.0,171.0,9.0,25.0,69.0,107.0,73.0,89.0,137.0,110.0,12.0,6.0,36.0,27.0,16.0,39.0,29.0,14.0,1.0,15.0,69.0,3.0,41.0,67.0,90.0,21.0,15.0,57.0,176.0,29.0,340.0,35.0,19.0,37.0,14.0,14.0,61.0,1245.0,94.0,37.0,13.0,149.0,42.0,14.0,0.0,0.0
2017,julio,tercero,153.0,108.0,117.0,178.0,44.0,172.0,279.0,174.0,9.0,25.0,72.0,111.0,75.0,91.0,137.0,114.0,13.0,7.0,37.0,28.0,16.0,39.0,30.0,14.0,1.0,15.0,73.0,3.0,45.0,67.0,93.0,21.0,15.0,59.0,176.0,30.0,345.0,35.0,19.0,38.0,14.0,14.0,62.0,1265.0,95.0,38.0,13.0,151.0,42.0,14.0,0.0,0.0
2017,agosto,tercero,154.0,110.0,119.0,180.0,45.0,176.0,283.0,175.0,9.0,25.0,73.0,112.0,77.0,91.0,140.0,116.0,13.0,7.0,37.0,29.0,17.0,39.0,30.0,14.0,1.0,15.0,78.0,3.0,46.0,67.0,98.0,21.0,15.0,60.0,177.0,32.0,349.0,35.0,19.0,38.0,17.0,14.0,64.0,1274.0,96.0,40.0,13.0,153.0,42.0,14.0,0.0,0.0
2017,septiembre,tercero,159.0,112.0,122.0,184.0,47.0,179.0,285.0,175.0,9.0,25.0,77.0,114.0,77.0,91.0,145.0,119.0,13.0,8.0,39.0,29.0,17.0,40.0,30.0,14.0,1.0,15.0,80.0,3.0,48.0,67.0,99.0,21.0,15.0,61.0,178.0,33.0,354.0,38.0,19.0,38.0,17.0,14.0,65.0,1294.0,96.0,40.0,13.0,155.0,42.0,14.0,0.0,0.0
2017,octubre,cuarto,163.0,114.0,124.0,188.0,47.0,186.0,289.0,180.0,9.0,25.0,80.0,115.0,77.0,92.0,146.0,120.0,13.0,8.0,39.0,29.0,17.0,40.0,31.0,14.0,1.0,15.0,82.0,3.0,49.0,70.0,100.0,23.0,15.0,62.0,179.0,34.0,355.0,38.0,19.0,39.0,17.0,15.0,67.0,1305.0,96.0,40.0,13.0,158.0,43.0,14.0,0.0,0.0
2017,noviembre,cuarto,168.0,115.0,125.0,193.0,47.0,192.0,291.0,182.0,9.0,25.0,84.0,119.0,79.0,94.0,147.0,123.0,13.0,8.0,39.0,29.0,17.0,42.0,32.0,14.0,1.0,16.0,82.0,3.0,50.0,71.0,101.0,24.0,15.0,62.0,181.0,34.0,359.0,38.0,19.0,40.0,17.0,15.0,68.0,1319.0,99.0,43.0,13.0,163.0,43.0,14.0,0.0,0.0
2017,diciembre,cuarto,171.0,118.0,128.0,194.0,47.0,195.0,295.0,182.0,9.0,25.0,86.0,120.0,82.0,94.0,150.0,125.0,13.0,8.0,40.0,29.0,17.0,43.0,34.0,14.0,1.0,18.0,83.0,3.0,52.0,73.0,104.0,25.0,15.0,62.0,184.0,35.0,364.0,39.0,19.0,41.0,17.0,15.0,69.0,1332.0,101.0,43.0,13.0,169.0,43.0,14.0,0.0,0.0
2018,enero,primero,175.0,124.0,132.0,195.0,51.0,198.0,298.0,183.0,11.0,25.0,89.0,122.0,83.0,96.0,152.0,126.0,14.0,8.0,41.0,29.0,17.0,43.0,34.0,14.0,1.0,19.0,83.0,3.0,52.0,77.0,109.0,25.0,15.0,64.0,188.0,36.0,369.0,39.0,20.0,41.0,17.0,15.0,69.0,1351.0,103.0,43.0,13.0,173.0,44.0,16.0,0.0,0.0
2018,febrero,primero,178.0,126.0,135.0,196.0,51.0,199.0,300.0,186.0,11.0,25.0,91.0,123.0,83.0,98.0,153.0,127.0,14.0,9.0,42.0,29.0,17.0,44.0,34.0,14.0,1.0,19.0,84.0,3.0,52.0,77.0,111.0,25.0,15.0,66.0,191.0,39.0,372.0,39.0,20.0,41.0,18.0,15.0,70.0,1369.0,105.0,43.0,13.0,176.0,46.0,16.0,0.0,0.0
2018,marzo,primero,186.0,126.0,139.0,202.0,53.0,202.0,301.0,188.0,11.0,25.0,96.0,123.0,85.0,101.0,158.0,128.0,15.0,9.0,42.0,31.0,17.0,44.0,35.0,14.0,1.0,20.0,85.0,3.0,55.0,77.0,114.0,26.0,15.0,66.0,191.0,39.0,380.0,39.0,21.0,41.0,18.0,17.0,70.0,1389.0,107.0,44.0,13.0,180.0,47.0,16.0,0.0,0.0
2018,abril,segundo,189.0,128.0,146.0,202.0,53.0,205.0,301.0,190.0,11.0,25.0,98.0,124.0,85.0,104.0,161.0,132.0,16.0,9.0,44.0,32.0,17.0,45.0,35.0,14.0,1.0,21.0,87.0,3.0,56.0,80.0,116.0,27.0,15.0,69.0,191.0,43.0,387.0,39.0,23.0,42.0,18.0,17.0,70.0,1403.0,111.0,45.0,13.0,186.0,47.0,16.0,0.0,0.0
2018,mayo,segundo,195.0,133.0,148.0,204.0,54.0,206.0,306.0,191.0,11.0,25.0,98.0,124.0,86.0,105.0,161.0,135.0,16.0,9.0,44.0,32.0,17.0,45.0,35.0,14.0,1.0,22.0,89.0,3.0,56.0,80.0,117.0,27.0,15.0,72.0,195.0,45.0,390.0,39.0,24.0,43.0,18.0,17.0,70.0,1411.0,112.0,46.0,13.0,189.0,47.0,16.0,0.0,0.0
2018,junio,segundo,199.0,138.0,151.0,205.0,54.0,209.0,309.0,191.0,12.0,25.0,100.0,124.0,87.0,106.0,165.0,137.0,18.0,9.0,44.0,32.0,18.0,46.0,36.0,14.0,1.0,23.0,90.0,3.0,57.0,80.0,119.0,27.0,15.0,73.0,196.0,45.0,397.0,39.0,24.0,43.0,18.0,19.0,70.0,1424.0,116.0,46.0,13.0,191.0,47.0,17.0,0.0,0.0
2018,julio,tercero,208.0,139.0,155.0,208.0,55.0,213.0,316.0,193.0,12.0,26.0,100.0,127.0,88.0,106.0,166.0,138.0,18.0,9.0,47.0,34.0,19.0,47.0,39.0,14.0,1.0,23.0,96.0,3.0,57.0,80.0,121.0,27.0,15.0,73.0,196.0,45.0,402.0,39.0,25.0,43.0,18.0,19.0,72.0,1444.0,117.0,47.0,13.0,192.0,47.0,17.0,0.0,0.0
2018,agosto,tercero,213.0,141.0,158.0,208.0,56.0,218.0,318.0,195.0,12.0,26.0,101.0,128.0,88.0,108.0,166.0,140.0,21.0,9.0,48.0,34.0,21.0,47.0,40.0,14.0,1.0,23.0,98.0,4.0,57.0,81.0,123.0,27.0,15.0,73.0,200.0,46.0,407.0,39.0,25.0,43.0,18.0,20.0,73.0,1451.0,117.0,49.0,13.0,195.0,47.0,18.0,0.0,0.0
2018,septiembre,tercero,216.0,142.0,161.0,209.0,56.0,220.0,322.0,199.0,12.0,26.0,102.0,130.0,88.0,112.0,167.0,141.0,22.0,9.0,48.0,34.0,22.0,47.0,43.0,14.0,1.0,23.0,100.0,4.0,58.0,81.0,130.0,27.0,16.0,75.0,202.0,46.0,411.0,39.0,26.0,43.0,19.0,20.0,74.0,1469.0,117.0,51.0,13.0,195.0,47.0,19.0,1.0,0.0
2018,octubre,cuarto,221.0,147.0,164.0,211.0,57.0,225.0,326.0,202.0,12.0,26.0,102.0,132.0,90.0,113.0,171.0,143.0,23.0,9.0,49.0,34.0,22.0,47.0,43.0,14.0,1.0,24.0,104.0,4.0,58.0,81.0,135.0,28.0,17.0,77.0,206.0,48.0,421.0,40.0,26.0,43.0,19.0,21.0,76.0,1488.0,120.0,53.0,13.0,199.0,47.0,19.0,1.0,0.0
2018,noviembre,cuarto,227.0,151.0,169.0,212.0,57.0,228.0,328.0,202.0,12.0,26.0,104.0,133.0,90.0,114.0,172.0,144.0,23.0,9.0,51.0,34.0,23.0,47.0,45.0,14.0,1.0,24.0,105.0,4.0,58.0,83.0,140.0,29.0,17.0,77.0,207.0,48.0,433.0,41.0,26.0,43.0,19.0,23.0,76.0,1501.0,121.0,54.0,13.0,206.0,47.0,19.0,1.0,0.0
2018,diciembre,cuarto,233.0,155.0,171.0,215.0,59.0,230.0,328.0,203.0,12.0,26.0,104.0,134.0,90.0,119.0,174.0,145.0,24.0,9.0,52.0,34.0,23.0,47.0,45.0,14.0,1.0,24.0,108.0,4.0,60.0,85.0,141.0,29.0,18.0,78.0,213.0,51.0,441.0,41.0,26.0,43.0,19.0,23.0,77.0,1528.0,123.0,55.0,13.0,209.0,47.0,19.0,1.0,0.0
2019,enero,primero,236.0,157.0,175.0,216.0,60.0,233.0,332.0,203.0,12.0,26.0,106.0,138.0,91.0,125.0,176.0,147.0,24.0,9.0,52.0,35.0,23.0,48.0,45.0,14.0,1.0,25.0,110.0,4.0,60.0,93.0,142.0,29.0,18.0,78.0,217.0,54.0,448.0,41.0,26.0,43.0,19.0,23.0,79.0,1546.0,124.0,55.0,13.0,210.0,48.0,19.0,1.0,0.0
2019,febrero,primero,246.0,165.0,177.0,218.0,61.0,236.0,332.0,203.0,12.0,26.0,106.0,143.0,93.0,129.0,178.0,148.0,24.0,10.0,52.0,35.0,23.0,49.0,46.0,14.0,1.0,26.0,111.0,4.0,60.0,93.0,144.0,29.0,18.0,80.0,219.0,56.0,463.0,41.0,26.0,43.0,19.0,25.0,79.0,1563.0,125.0,57.0,13.0,213.0,48.0,19.0,1.0,0.0
2019,marzo,primero,251.0,173.0,177.0,222.0,62.0,246.0,334.0,205.0,13.0,26.0,106.0,146.0,93.0,131.0,182.0,152.0,25.0,11.0,53.0,36.0,23.0,49.0,47.0,14.0,1.0,29.0,112.0,4.0,61.0,94.0,146.0,33.0,18.0,83.0,222.0,57.0,475.0,41.0,27.0,43.0,20.0,26.0,79.0,1577.0,125.0,57.0,13.0,217.0,49.0,20.0,1.0,0.0
2019,abril,segundo,257.0,178.0,180.0,224.0,62.0,252.0,338.0,206.0,14.0,26.0,109.0,147.0,94.0,135.0,184.0,153.0,25.0,12.0,53.0,36.0,23.0,49.0,48.0,14.0,1.0,29.0,112.0,4.0,61.0,95.0,147.0,33.0,19.0,84.0,226.0,61.0,484.0,41.0,28.0,43.0,20.0,26.0,80.0,1593.0,125.0,58.0,13.0,218.0,49.0,20.0,1.0,0.0
2019,mayo,segundo,263.0,182.0,182.0,226.0,62.0,260.0,342.0,208.0,14.0,26.0,113.0,149.0,97.0,139.0,187.0,153.0,27.0,12.0,55.0,37.0,23.0,49.0,48.0,14.0,2.0,29.0,114.0,4.0,61.0,96.0,150.0,33.0,19.0,86.0,232.0,62.0,494.0,42.0,32.0,43.0,20.0,28.0,82.0,1604.0,127.0,58.0,13.0,222.0,50.0,20.0,1.0,0.0
2019,junio,segundo,273.0,186.0,182.0,228.0,62.0,262.0,345.0,209.0,14.0,26.0,114.0,149.0,99.0,140.0,188.0,153.0,29.0,12.0,60.0,38.0,23.0,50.0,49.0,14.0,2.0,29.0,118.0,4.0,62.0,98.0,151.0,33.0,19.0,87.0,233.0,63.0,503.0,42.0,32.0,47.0,21.0,29.0,85.0,1615.0,129.0,60.0,13.0,226.0,51.0,20.0,1.0,0.0
2019,julio,tercero,279.0,189.0,184.0,230.0,62.0,270.0,349.0,210.0,14.0,26.0,117.0,152.0,100.0,141.0,189.0,155.0,29.0,12.0,62.0,39.0,23.0,51.0,50.0,14.0,2.0,30.0,122.0,5.0,66.0,99.0,152.0,34.0,19.0,89.0,242.0,64.0,505.0,42.0,32.0,47.0,22.0,29.0,85.0,1632.0,130.0,60.0,13.0,228.0,52.0,20.0,1.0,0.0
2019,agosto,tercero,287.0,193.0,184.0,231.0,62.0,275.0,352.0,212.0,14.0,26.0,121.0,153.0,100.0,142.0,193.0,157.0,29.0,12.0,69.0,40.0,23.0,52.0,50.0,14.0,2.0,30.0,125.0,5.0,66.0,100.0,153.0,34.0,19.0,92.0,247.0,65.0,514.0,42.0,32.0,48.0,22.0,31.0,85.0,1653.0,132.0,62.0,13.0,229.0,52.0,20.0,1.0,0.0
2019,septiembre,tercero,301.0,197.0,186.0,235.0,62.0,281.0,357.0,216.0,14.0,26.0,123.0,154.0,103.0,143.0,197.0,158.0,29.0,12.0,73.0,41.0,23.0,53.0,52.0,14.0,2.0,30.0,127.0,5.0,66.0,104.0,157.0,34.0,19.0,92.0,252.0,70.0,519.0,43.0,32.0,51.0,22.0,32.0,89.0,1671.0,138.0,63.0,13.0,232.0,52.0,20.0,1.0,0.0
2019,octubre,cuarto,316.0,205.0,190.0,248.0,66.0,283.0,364.0,221.0,17.0,26.0,127.0,157.0,106.0,147.0,199.0,158.0,30.0,12.0,74.0,42.0,23.0,55.0,53.0,16.0,2.0,31.0,131.0,5.0,66.0,107.0,157.0,34.0,19.0,92.0,260.0,75.0,530.0,44.0,33.0,51.0,22.0,33.0,90.0,1685.0,143.0,65.0,15.0,234.0,53.0,20.0,1.0,0.0
2019,noviembre,cuarto,329.0,215.0,196.0,255.0,68.0,290.0,371.0,222.0,18.0,26.0,130.0,163.0,107.0,148.0,200.0,158.0,30.0,12.0,76.0,43.0,23.0,56.0,53.0,16.0,2.0,31.0,132.0,5.0,67.0,109.0,160.0,35.0,19.0,94.0,268.0,80.0,537.0,45.0,33.0,52.0,23.0,34.0,90.0,1703.0,156.0,68.0,15.0,238.0,53.0,20.0,1.0,0.0
2019,diciembre,cuarto,341.0,224.0,202.0,266.0,69.0,298.0,373.0,223.0,19.0,27.0,132.0,170.0,108.0,150.0,202.0,160.0,30.0,12.0,78.0,43.0,23.0,57.0,55.0,17.0,2.0,32.0,133.0,5.0,68.0,110.0,161.0,36.0,19.0,94.0,274.0,82.0,543.0,47.0,33.0,54.0,27.0,39.0,90.0,1725.0,162.0,70.0,16.0,242.0,54.0,21.0,1.0,0.0
2020,enero,primero,350.0,233.0,209.0,274.0,69.0,305.0,378.0,227.0,21.0,28.0,135.0,174.0,108.0,152.0,205.0,163.0,31.0,12.0,80.0,44.0,23.0,60.0,56.0,18.0,2.0,32.0,135.0,5.0,68.0,110.0,163.0,36.0,19.0,95.0,278.0,84.0,549.0,49.0,33.0,55.0,28.0,43.0,91.0,1750.0,174.0,72.0,16.0,243.0,54.0,21.0,1.0,0.0
2020,febrero,primero,365.0,249.0,226.0,287.0,72.0,312.0,384.0,229.0,21.0,29.0,139.0,180.0,109.0,159.0,209.0,166.0,31.0,13.0,84.0,45.0,23.0,60.0,58.0,18.0,2.0,33.0,137.0,5.0,68.0,114.0,163.0,37.0,19.0,95.0,283.0,88.0,562.0,53.0,35.0,58.0,33.0,46.0,95.0,1763.0,184.0,73.0,17.0,245.0,55.0,21.0,1.0,0.0
2020,marzo,primero,372.0,253.0,232.0,293.0,73.0,316.0,388.0,230.0,22.0,29.0,142.0,183.0,110.0,160.0,210.0,167.0,32.0,14.0,86.0,46.0,23.0,61.0,58.0,18.0,2.0,34.0,141.0,5.0,68.0,117.0,163.0,37.0,19.0,95.0,286.0,93.0,571.0,56.0,36.0,63.0,34.0,48.0,100.0,1769.0,193.0,76.0,17.0,247.0,55.0,21.0,1.0,0.0
2020,abril,segundo,377.0,258.0,233.0,295.0,73.0,318.0,388.0,231.0,22.0,29.0,144.0,183.0,110.0,160.0,210.0,168.0,33.0,14.0,89.0,46.0,23.0,61.0,58.0,18.0,2.0,34.0,142.0,5.0,69.0,118.0,163.0,37.0,19.0,95.0,287.0,93.0,573.0,56.0,36.0,65.0,36.0,48.0,102.0,1777.0,202.0,76.0,17.0,248.0,55.0,21.0,1.0,0.0
2020,mayo,segundo,384.0,265.0,241.0,296.0,75.0,324.0,392.0,235.0,25.0,29.0,146.0,185.0,112.0,162.0,213.0,168.0,33.0,14.0,90.0,46.0,23.0,61.0,60.0,18.0,2.0,34.0,145.0,5.0,70.0,118.0,164.0,38.0,19.0,95.0,287.0,93.0,576.0,56.0,36.0,68.0,36.0,50.0,105.0,1783.0,208.0,77.0,17.0,250.0,55.0,21.0,1.0,0.0
2020,junio,segundo,402.0,277.0,252.0,306.0,75.0,327.0,400.0,237.0,27.0,31.0,151.0,188.0,113.0,165.0,219.0,169.0,33.0,14.0,90.0,47.0,23.0,61.0,63.0,18.0,2.0,37.0,148.0,5.0,70.0,119.0,166.0,38.0,19.0,99.0,290.0,97.0,585.0,58.0,36.0,69.0,38.0,52.0,106.0,1795.0,215.0,78.0,17.0,252.0,56.0,21.0,1.0,0.0
2020,julio,tercero,416.0,292.0,265.0,317.0,75.0,333.0,413.0,242.0,27.0,33.0,154.0,194.0,113.0,165.0,221.0,173.0,34.0,15.0,93.0,48.0,23.0,62.0,66.0,19.0,2.0,38.0,151.0,5.0,70.0,120.0,168.0,39.0,19.0,101.0,291.0,101.0,597.0,60.0,36.0,73.0,43.0,54.0,108.0,1811.0,225.0,78.0,17.0,254.0,56.0,21.0,1.0,0.0
2020,agosto,tercero,428.0,305.0,273.0,324.0,75.0,339.0,421.0,243.0,27.0,34.0,158.0,198.0,114.0,166.0,223.0,173.0,34.0,15.0,96.0,48.0,24.0,62.0,66.0,20.0,2.0,38.0,155.0,6.0,70.0,120.0,169.0,40.0,19.0,103.0,294.0,104.0,606.0,60.0,36.0,73.0,45.0,54.0,111.0,1833.0,231.0,79.0,17.0,255.0,56.0,21.0,1.0,0.0
2020,septiembre,tercero,446.0,313.0,277.0,331.0,75.0,342.0,428.0,249.0,27.0,35.0,160.0,200.0,117.0,166.0,226.0,176.0,34.0,16.0,99.0,48.0,24.0,62.0,67.0,20.0,2.0,38.0,158.0,6.0,70.0,123.0,170.0,41.0,19.0,105.0,296.0,110.0,625.0,60.0,36.0,75.0,48.0,55.0,115.0,1851.0,237.0,79.0,17.0,257.0,56.0,22.0,1.0,0.0
2020,octubre,cuarto,455.0,323.0,281.0,343.0,75.0,352.0,436.0,251.0,27.0,36.0,164.0,205.0,119.0,168.0,231.0,177.0,34.0,17.0,99.0,48.0,24.0,63.0,67.0,21.0,2.0,40.0,159.0,6.0,73.0,125.0,171.0,42.0,19.0,106.0,297.0,114.0,636.0,62.0,36.0,75.0,49.0,56.0,115.0,1863.0,240.0,79.0,17.0,257.0,57.0,22.0,1.0,0.0
2020,noviembre,cuarto,475.0,336.0,291.0,347.0,76.0,357.0,441.0,251.0,28.0,37.0,167.0,205.0,121.0,169.0,233.0,177.0,34.0,17.0,102.0,48.0,24.0,65.0,67.0,21.0,2.0,42.0,161.0,6.0,75.0,129.0,172.0,42.0,19.0,106.0,298.0,120.0,653.0,62.0,36.0,78.0,50.0,58.0,120.0,1875.0,247.0,81.0,18.0,260.0,58.0,22.0,1.0,0.0
2020,diciembre,cuarto,484.0,343.0,297.0,355.0,78.0,362.0,449.0,253.0,28.0,37.0,169.0,206.0,122.0,169.0,241.0,179.0,34.0,18.0,105.0,48.0,24.0,65.0,67.0,24.0,2.0,43.0,165.0,6.0,75.0,130.0,172.0,42.0,19.0,107.0,301.0,126.0,659.0,64.0,36.0,81.0,52.0,60.0,121.0,1893.0,248.0,83.0,18.0,262.0,58.0,23.0,1.0,0.0
2021,enero,primero,493.0,352.0,298.0,358.0,80.0,368.0,450.0,254.0,29.0,37.0,172.0,210.0,126.0,172.0,245.0,179.0,34.0,19.0,106.0,50.0,24.0,65.0,69.0,24.0,3.0,43.0,171.0,6.0,75.0,131.0,172.0,42.0,19.0,108.0,303.0,128.0,664.0,68.0,37.0,84.0,56.0,64.0,125.0,1900.0,252.0,84.0,18.0,265.0,58.0,24.0,1.0,0.0
2021,febrero,primero,502.0,359.0,304.0,364.0,82.0,371.0,453.0,257.0,29.0,37.0,172.0,210.0,128.0,173.0,249.0,179.0,34.0,19.0,109.0,51.0,24.0,65.0,69.0,24.0,3.0,43.0,177.0,6.0,78.0,133.0,173.0,43.0,20.0,109.0,304.0,130.0,671.0,70.0,37.0,84.0,58.0,64.0,127.0,1915.0,255.0,85.0,18.0,265.0,59.0,24.0,1.0,0.0
2021,marzo,primero,512.0,366.0,308.0,377.0,82.0,378.0,457.0,259.0,30.0,40.0,175.0,214.0,131.0,177.0,254.0,180.0,34.0,19.0,110.0,52.0,24.0,66.0,70.0,24.0,3.0,45.0,179.0,6.0,80.0,136.0,176.0,43.0,20.0,110.0,307.0,133.0,680.0,70.0,37.0,86.0,61.0,65.0,131.0,1929.0,262.0,87.0,18.0,267.0,60.0,24.0,1.0,0.0
2021,abril,segundo,524.0,380.0,315.0,386.0,82.0,383.0,465.0,262.0,30.0,40.0,179.0,215.0,131.0,181.0,255.0,183.0,35.0,19.0,113.0,53.0,24.0,66.0,71.0,24.0,3.0,46.0,181.0,6.0,80.0,138.0,178.0,43.0,20.0,110.0,309.0,139.0,687.0,73.0,39.0,91.0,64.0,66.0,132.0,1940.0,266.0,88.0,19.0,269.0,60.0,24.0,1.0,0.0
2021,mayo,segundo,535.0,391.0,326.0,397.0,82.0,389.0,469.0,263.0,31.0,40.0,180.0,217.0,133.0,184.0,256.0,184.0,35.0,20.0,117.0,53.0,24.0,66.0,71.0,24.0,3.0,47.0,186.0,6.0,81.0,140.0,180.0,43.0,20.0,111.0,311.0,145.0,705.0,73.0,39.0,95.0,66.0,67.0,135.0,1955.0,274.0,89.0,19.0,272.0,61.0,24.0,1.0,0.0
2021,junio,segundo,550.0,408.0,332.0,405.0,82.0,397.0,472.0,265.0,31.0,40.0,182.0,219.0,135.0,189.0,257.0,185.0,35.0,20.0,120.0,53.0,24.0,67.0,71.0,24.0,4.0,48.0,187.0,6.0,82.0,143.0,183.0,45.0,21.0,114.0,317.0,147.0,715.0,73.0,39.0,99.0,68.0,67.0,136.0,1974.0,281.0,92.0,19.0,275.0,63.0,24.0,1.0,0.0
2021,julio,tercero,564.0,423.0,338.0,416.0,83.0,408.0,482.0,267.0,34.0,40.0,186.0,220.0,138.0,195.0,263.0,190.0,35.0,20.0,122.0,56.0,25.0,67.0,72.0,24.0,4.0,49.0,188.0,6.0,87.0,145.0,185.0,46.0,22.0,118.0,320.0,152.0,734.0,76.0,39.0,103.0,70.0,69.0,138.0,1998.0,287.0,94.0,19.0,278.0,63.0,24.0,1.0,0.0
2021,agosto,tercero,575.0,446.0,344.0,429.0,84.0,411.0,487.0,269.0,34.0,40.0,188.0,221.0,141.0,200.0,265.0,193.0,35.0,20.0,125.0,56.0,25.0,67.0,72.0,25.0,4.0,49.0,192.0,6.0,87.0,146.0,189.0,46.0,22.0,120.0,322.0,156.0,741.0,80.0,39.0,107.0,72.0,73.0,138.0,2015.0,296.0,95.0,19.0,279.0,66.0,24.0,1.0,0.0
2021,septiembre,tercero,585.0,458.0,348.0,444.0,84.0,414.0,494.0,273.0,35.0,42.0,190.0,227.0,146.0,214.0,269.0,194.0,35.0,21.0,127.0,57.0,26.0,67.0,73.0,26.0,4.0,50.0,195.0,6.0,88.0,147.0,192.0,46.0,22.0,122.0,323.0,159.0,751.0,82.0,40.0,112.0,75.0,75.0,142.0,2030.0,305.0,95.0,19.0,281.0,68.0,24.0,1.0,0.0
2021,octubre,cuarto,601.0,474.0,354.0,451.0,84.0,421.0,502.0,276.0,36.0,44.0,194.0,229.0,147.0,218.0,274.0,198.0,35.0,23.0,136.0,60.0,26.0,67.0,76.0,27.0,4.0,51.0,196.0,6.0,88.0,150.0,193.0,46.0,22.0,122.0,324.0,165.0,760.0,84.0,40.0,118.0,76.0,76.0,146.0,2056.0,307.0,100.0,19.0,284.0,68.0,24.0,1.0,0.0
2021,noviembre,cuarto,609.0,488.0,361.0,464.0,85.0,427.0,508.0,277.0,40.0,44.0,201.0,234.0,148.0,225.0,275.0,202.0,35.0,23.0,137.0,60.0,26.0,68.0,78.0,27.0,4.0,52.0,199.0,6.0,89.0,151.0,193.0,46.0,22.0,123.0,332.0,170.0,768.0,88.0,41.0,121.0,79.0,78.0,149.0,2075.0,312.0,103.0,20.0,286.0,69.0,24.0,1.0,0.0
2021,diciembre,cuarto,624.0,498.0,367.0,470.0,85.0,439.0,511.0,281.0,41.0,44.0,204.0,236.0,150.0,235.0,278.0,207.0,37.0,23.0,141.0,61.0,26.0,69.0,78.0,27.0,4.0,55.0,202.0,6.0,89.0,154.0,193.0,46.0,22.0,124.0,341.0,175.0,776.0,92.0,43.0,123.0,80.0,79.0,149.0,2094.0,318.0,104.0,21.0,287.0,70.0,24.0,1.0,0.0
2022,enero,primero,639.0,509.0,371.0,481.0,85.0,441.0,520.0,281.0,43.0,44.0,204.0,241.0,153.0,239.0,280.0,208.0,37.0,23.0,142.0,62.0,27.0,69.0,79.0,27.0,5.0,56.0,206.0,6.0,89.0,155.0,193.0,46.0,22.0,125.0,346.0,177.0,784.0,97.0,43.0,128.0,80.0,79.0,149.0,2105.0,324.0,106.0,21.0,289.0,71.0,24.0,1.0,0.0
2022,febrero,primero,655.0,516.0,373.0,493.0,85.0,445.0,528.0,284.0,45.0,44.0,205.0,244.0,154.0,245.0,283.0,212.0,37.0,24.0,145.0,64.0,27.0,70.0,80.0,28.0,5.0,56.0,208.0,7.0,89.0,161.0,197.0,46.0,22.0,126.0,349.0,179.0,792.0,102.0,44.0,132.0,81.0,80.0,151.0,2118.0,332.0,106.0,21.0,290.0,73.0,24.0,1.0,0.0
2022,marzo,primero,662.0,526.0,382.0,500.0,86.0,459.0,533.0,284.0,46.0,44.0,209.0,246.0,154.0,260.0,287.0,217.0,38.0,24.0,147.0,66.0,27.0,70.0,81.0,28.0,5.0,58.0,213.0,7.0,91.0,168.0,197.0,47.0,22.0,126.0,353.0,190.0,803.0,104.0,46.0,136.0,86.0,84.0,153.0,2135.0,349.0,108.0,21.0,292.0,74.0,24.0,1.0,0.0
2022,abril,segundo,673.0,539.0,389.0,515.0,86.0,467.0,541.0,284.0,47.0,44.0,210.0,249.0,163.0,264.0,290.0,219.0,38.0,24.0,150.0,66.0,27.0,71.0,81.0,30.0,5.0,61.0,215.0,7.0,92.0,171.0,198.0,47.0,22.0,126.0,360.0,200.0,819.0,108.0,49.0,142.0,91.0,87.0,156.0,2150.0,358.0,110.0,21.0,296.0,78.0,24.0,1.0,0.0
2022,mayo,segundo,686.0,549.0,395.0,535.0,86.0,473.0,550.0,286.0,48.0,45.0,213.0,253.0,165.0,275.0,296.0,219.0,38.0,27.0,154.0,69.0,28.0,71.0,81.0,30.0,5.0,62.0,219.0,7.0,94.0,174.0,198.0,47.0,22.0,127.0,364.0,205.0,839.0,111.0,50.0,148.0,95.0,88.0,158.0,2168.0,366.0,112.0,21.0,298.0,80.0,25.0,1.0,0.0
2022,junio,segundo,692.0,559.0,405.0,545.0,86.0,482.0,554.0,287.0,50.0,45.0,214.0,255.0,169.0,283.0,299.0,219.0,38.0,27.0,157.0,70.0,28.0,72.0,81.0,31.0,5.0,63.0,224.0,7.0,94.0,176.0,200.0,48.0,22.0,127.0,369.0,212.0,857.0,115.0,50.0,155.0,98.0,89.0,162.0,2187.0,373.0,115.0,21.0,300.0,83.0,25.0,1.0,0.0
2022,julio,tercero,706.0,573.0,417.0,555.0,86.0,490.0,562.0,289.0,54.0,45.0,217.0,258.0,172.0,290.0,300.0,225.0,39.0,27.0,159.0,70.0,28.0,74.0,82.0,31.0,5.0,64.0,234.0,7.0,95.0,178.0,202.0,48.0,22.0,127.0,375.0,216.0,863.0,121.0,52.0,156.0,99.0,89.0,164.0,2217.0,379.0,118.0,21.0,302.0,84.0,25.0,1.0,0.0
2022,agosto,tercero,711.0,577.0,420.0,570.0,86.0,494.0,567.0,292.0,56.0,45.0,218.0,261.0,180.0,301.0,308.0,226.0,39.0,27.0,160.0,72.0,28.0,74.0,83.0,31.0,6.0,68.0,240.0,7.0,95.0,180.0,203.0,48.0,22.0,127.0,377.0,224.0,868.0,130.0,53.0,161.0,105.0,90.0,166.0,2234.0,387.0,121.0,21.0,302.0,87.0,25.0,1.0,0.0
2022,septiembre,tercero,722.0,586.0,428.0,587.0,87.0,502.0,572.0,292.0,59.0,45.0,220.0,263.0,182.0,309.0,310.0,229.0,39.0,27.0,163.0,74.0,29.0,74.0,83.0,31.0,6.0,71.0,244.0,7.0,96.0,182.0,206.0,48.0,22.0,128.0,379.0,227.0,879.0,134.0,55.0,168.0,111.0,92.0,167.0,2244.0,397.0,126.0,21.0,304.0,88.0,25.0,1.0,0.0
2022,octubre,cuarto,733.0,594.0,437.0,601.0,88.0,507.0,572.0,295.0,61.0,45.0,223.0,264.0,182.0,317.0,313.0,230.0,39.0,27.0,165.0,75.0,29.0,74.0,83.0,31.0,6.0,75.0,248.0,7.0,97.0,184.0,207.0,48.0,22.0,128.0,382.0,233.0,894.0,136.0,55.0,173.0,114.0,94.0,168.0,2262.0,404.0,133.0,21.0,307.0,90.0,25.0,1.0,0.0
2022,noviembre,cuarto,741.0,606.0,438.0,613.0,89.0,519.0,577.0,296.0,64.0,45.0,226.0,265.0,183.0,326.0,317.0,231.0,39.0,27.0,165.0,78.0,29.0,75.0,87.0,31.0,6.0,77.0,254.0,7.0,97.0,186.0,208.0,48.0,22.0,128.0,386.0,243.0,909.0,138.0,55.0,179.0,118.0,96.0,171.0,2276.0,409.0,137.0,21.0,308.0,93.0,25.0,1.0,0.0
2022,diciembre,cuarto,747.0,621.0,445.0,631.0,89.0,533.0,583.0,298.0,69.0,45.0,231.0,267.0,184.0,330.0,323.0,234.0,39.0,28.0,167.0,80.0,29.0,76.0,90.0,31.0,7.0,79.0,259.0,7.0,99.0,189.0,209.0,50.0,22.0,128.0,392.0,253.0,924.0,140.0,55.0,182.0,122.0,98.0,173.0,2295.0,415.0,139.0,21.0,310.0,96.0,25.0,1.0,0.0
2023,enero,primero,757.0,635.0,454.0,660.0,90.0,544.0,598.0,303.0,75.0,45.0,234.0,269.0,190.0,335.0,336.0,238.0,41.0,28.0,173.0,81.0,30.0,79.0,92.0,31.0,7.0,82.0,272.0,7.0,102.0,191.0,210.0,52.0,23.0,131.0,400.0,269.0,942.0,149.0,57.0,195.0,125.0,103.0,176.0,2329.0,435.0,142.0,21.0,312.0,99.0,25.0,1.0,0.0
2023,febrero,primero,768.0,649.0,459.0,680.0,94.0,556.0,611.0,307.0,78.0,46.0,240.0,271.0,198.0,347.0,342.0,248.0,42.0,28.0,174.0,83.0,30.0,80.0,94.0,31.0,8.0,85.0,283.0,8.0,103.0,194.0,211.0,52.0,23.0,132.0,413.0,287.0,961.0,154.0,58.0,203.0,127.0,107.0,185.0,2364.0,446.0,147.0,21.0,313.0,99.0,27.0,1.0,0.0
2023,marzo,primero,784.0,657.0,465.0,705.0,94.0,570.0,623.0,311.0,80.0,48.0,244.0,274.0,203.0,355.0,361.0,257.0,42.0,28.0,179.0,84.0,30.0,82.0,99.0,32.0,9.0,90.0,294.0,8.0,104.0,196.0,214.0,52.0,23.0,133.0,426.0,296.0,977.0,157.0,60.0,215.0,133.0,110.0,189.0,2388.0,452.0,148.0,21.0,314.0,103.0,27.0,1.0,0.0
2023,abril,segundo,801.0,666.0,472.0,722.0,96.0,581.0,633.0,312.0,85.0,49.0,248.0,280.0,212.0,360.0,379.0,267.0,43.0,28.0,183.0,87.0,31.0,82.0,99.0,32.0,10.0,90.0,302.0,8.0,104.0,198.0,216.0,52.0,23.0,135.0,434.0,307.0,991.0,159.0,61.0,221.0,137.0,111.0,190.0,2411.0,470.0,148.0,21.0,316.0,103.0,28.0,1.0,0.0
2023,mayo,segundo,822.0,676.0,482.0,752.0,99.0,591.0,646.0,318.0,87.0,49.0,249.0,284.0,216.0,367.0,393.0,270.0,43.0,28.0,186.0,87.0,31.0,82.0,102.0,32.0,12.0,91.0,313.0,10.0,105.0,201.0,218.0,52.0,23.0,135.0,446.0,327.0,1014.0,163.0,62.0,227.0,141.0,113.0,194.0,2432.0,474.0,150.0,24.0,317.0,105.0,28.0,1.0,0.0
2023,junio,segundo,843.0,691.0,488.0,783.0,102.0,602.0,656.0,323.0,94.0,50.0,254.0,286.0,221.0,383.0,417.0,279.0,43.0,29.0,187.0,88.0,31.0,82.0,104.0,32.0,12.0,92.0,323.0,10.0,106.0,205.0,218.0,54.0,23.0,135.0,456.0,344.0,1037.0,169.0,62.0,236.0,146.0,118.0,198.0,2457.0,480.0,154.0,28.0,319.0,108.0,30.0,1.0,0.0
2023,julio,tercero,869.0,707.0,497.0,811.0,106.0,608.0,670.0,326.0,98.0,50.0,258.0,294.0,226.0,393.0,440.0,285.0,45.0,29.0,189.0,90.0,32.0,82.0,107.0,32.0,12.0,99.0,338.0,10.0,106.0,210.0,220.0,54.0,23.0,139.0,464.0,355.0,1048.0,172.0,63.0,244.0,151.0,119.0,200.0,2482.0,488.0,157.0,31.0,323.0,111.0,30.0,1.0,0.0
2023,agosto,tercero,888.0,724.0,505.0,834.0,108.0,613.0,676.0,328.0,99.0,50.0,263.0,303.0,231.0,402.0,463.0,293.0,45.0,29.0,191.0,90.0,32.0,83.0,107.0,32.0,12.0,101.0,344.0,11.0,107.0,213.0,221.0,54.0,24.0,141.0,473.0,367.0,1064.0,178.0,63.0,256.0,155.0,123.0,205.0,2503.0,493.0,165.0,35.0,325.0,111.0,30.0,1.0,0.0
2023,septiembre,tercero,914.0,739.0,512.0,857.0,110.0,620.0,694.0,331.0,103.0,51.0,268.0,304.0,233.0,409.0,489.0,298.0,46.0,29.0,193.0,92.0,33.0,83.0,109.0,32.0,12.0,104.0,348.0,13.0,107.0,216.0,224.0,54.0,24.0,142.0,478.0,379.0,1082.0,182.0,64.0,265.0,156.0,127.0,210.0,2521.0,506.0,168.0,36.0,326.0,115.0,30.0,1.0,0.0
