año,provincia,total_llamadas,tasa_por_1000,mujeres_por_llamada
2009,alava,230,1.4612359514869664,684.3521739130434
2009,albacete,374,1.8725372880252742,534.0347593582887
2009,alicante,2647,2.7607080428697177,362.2259161314696
2009,almeria,834,2.5118136559538113,398.1187050359713
2009,asturias,1418,2.5125227464814937,398.00634696756
2009,avila,204,2.401129943502825,416.4705882352941
2009,badajoz,915,2.637913885805717,379.08743169398906
2009,barcelona,7261,2.6073704448222097,383.5281641647156
2009,burgos,442,2.3854240873863954,419.2126696832579
2009,caceres,502,2.413519555758552,414.3326693227092
2009,cadiz,1397,2.25101110198031,444.2448103078024
2009,cantabria,841,2.7986688851913475,357.31272294887043
2009,castellon,713,2.385884132364702,419.1318373071529
2009,ciudad real,584,2.210153840331523,452.4571917808219
2009,cordoba,862,2.108749844045473,474.2146171693735
2009,coruña,1433,2.4098330606225207,414.9665038381019
2009,cuenca,279,2.605504244450463,383.80286738351253
2009,cuenca,279,7.236227824463119,138.19354838709677
2009,gerona,605,1.643338503285319,608.5173553719009
2009,granada,1265,2.758130489006724,362.56442687747034
2009,guadalajara,304,2.5430179935253423,393.23355263157896
2009,guipuzcoa,443,1.2344027775455726,810.1083521444696
2009,huelva,565,2.1877262747861645,457.0955752212389
2009,huesca,202,1.8071372977035043,553.3613861386139
2009,islas baleares,1459,2.6802756330061523,373.09595613433856
2009,jaen,702,2.081449305442308,480.4344729344729
2009,las palmas,2431,4.522689725996814,221.1073632250103
2009,leon,640,2.5053532352330956,399.1453125
2009,lerida,327,1.5330017299010346,652.3149847094802
2009,lugo,368,2.0191822311963654,495.25
2009,madrid,16438,4.993229159389051,200.27120087601898
2009,malaga,2262,2.804103263396039,356.62024756852344
2009,melilla,154,4.252264192622046,235.16883116883116
2009,murcia,2069,2.8940665341559995,345.53455775737075
2009,navarra,776,2.4627727774745156,406.0463917525773
2009,orense,300,1.7222770799366203,580.6266666666667
2009,palencia,151,1.7285589999542104,578.5165562913907
2009,pontevedra,995,2.008482051841041,497.8884422110553
2009,rioja,321,2.0121733352556586,496.97507788162
2009,salamanca,459,2.5345673013208465,394.54466230936816
2009,santa cruz de tenerife,2162,4.207502666178841,237.67067530064753
2009,segovia,178,2.191632396759339,456.2808988764045
2009,sevilla,2955,3.0549487585329214,327.3377326565144
2009,soria,80,1.7088539997863932,585.1875
2009,tarragona,925,2.339420885843848,427.45621621621626
2009,teruel,86,1.2109606015376384,825.7906976744187
2009,toledo,984,2.9021668922924464,344.5701219512195
2009,valencia,3718,2.8619284995119787,349.4147391070468
2009,valladolid,844,3.116806381328705,320.84123222748815
2009,vizcaya,1060,1.7860633142595252,559.8905660377359
2009,zamora,251,2.5476801900102517,392.51394422310756
2009,zaragoza,1126,2.3033320582501635,434.1536412078152
2010,alava,240,1.5091492171288436,662.625
2010,albacete,385,1.9222511808114398,520.2233766233766
2010,alicante,2595,2.6903681709228744,371.69633911368015
2010,almeria,821,2.4329674497996727,411.02070645554204
2010,asturias,1346,2.386782967661396,418.9739970282318
2010,avila,237,2.7827352996430585,359.3586497890295
2010,badajoz,936,2.6836862839546525,372.62179487179486
2010,barcelona,6789,2.4239130861672717,412.556046545883
2010,burgos,422,2.276503463306217,439.27014218009475
2010,caceres,550,2.635046113306983,379.5
2010,cadiz,1349,2.162184688078012,462.49518161601185
2010,cantabria,811,2.682596859608559,372.77311960542545
2010,castellon,649,2.157694558221182,463.4576271186441
2010,ciudad real,597,2.2498162838461684,444.4807370184255
2010,cordoba,882,2.1536463038838884,464.3287981859411
2010,coruña,1422,2.3893537655005543,418.5232067510549
2010,cuenca,255,2.37580591063243,420.90980392156865
2010,cuenca,255,6.486899007886034,154.15686274509804
2010,gerona,608,1.633210036720364,612.2911184210526
2010,granada,1447,3.116264445296314,320.8970283344851
2010,guadalajara,397,3.2436495551216167,308.2947103274559
2010,guipuzcoa,462,1.2824925881921851,779.7316017316017
2010,huelva,556,2.135463675993317,468.28237410071944
2010,huesca,186,1.6600917513075453,602.3763440860215
2010,islas baleares,1524,2.76665849739945,361.44685039370074
2010,jaen,686,2.030420794350339,492.50874635568516
2010,las palmas,2252,4.155702280469306,240.63321492007105
2010,leon,635,2.48936628966815,401.70866141732284
2010,lerida,291,1.3511568409860193,740.1065292096221
2010,lugo,339,1.8675525145850893,535.4601769911504
2010,madrid,15805,4.740202132656079,210.96146788990828
2010,malaga,2398,2.9387903164530593,340.2760633861551
2010,melilla,132,3.54695687222894,281.9318181818182
2010,murcia,1955,2.7026952299848483,370.0010230179028
2010,navarra,876,2.750383829250144,363.58561643835617
2010,orense,302,1.7368999212068579,575.7384105960265
2010,palencia,184,2.115745052721147,472.6467391304348
2010,pontevedra,1037,2.088317504812998,478.85438765670204
2010,rioja,367,2.286162797216737,437.4141689373297
2010,salamanca,512,2.8336607908791542,352.900390625
2010,santa cruz de tenerife,2028,3.915760937774543,255.3782051282051
2010,segovia,168,2.0680995642218774,483.53571428571433
2010,sevilla,3205,3.281521807017849,304.73666146645866
2010,soria,76,1.6219215502155448,616.5526315789473
2010,tarragona,893,2.23597134551391,447.23292273236285
2010,teruel,97,1.3717227140311679,729.0103092783505
2010,toledo,996,2.896544503835886,345.23895582329317
2010,valencia,3673,2.817969021521059,354.8655050367547
2010,valladolid,863,3.1786489084674345,314.59907300115873
2010,vizcaya,1075,1.8086529321208349,552.8976744186047
2010,zamora,310,3.170155542147729,315.44193548387096
2010,zaragoza,1075,2.188687235576042,456.89488372093024
2011,alava,270,1.685540559100046,593.2814814814815
2011,albacete,408,2.030679182552086,492.44607843137254
2011,alicante,2723,2.808470172767844,356.06573632023503
2011,almeria,912,2.669554781488745,374.594298245614
2011,asturias,1660,2.9489302133888535,339.10602409638557
2011,avila,211,2.4644062649645524,405.77725118483414
2011,badajoz,977,2.7943826330692447,357.86079836233364
2011,barcelona,6999,2.4876744775403763,401.9818545506501
2011,burgos,429,2.306389613182441,433.5780885780887
2011,caceres,607,2.9060721108041725,344.1070840197694
2011,cadiz,1647,2.6240572034910956,381.08925318761385
2011,cantabria,954,3.145929582620223,317.87106918238993
2011,castellon,710,2.3549781252384,424.63239436619716
2011,ciudad real,618,2.32246135807619,430.5776699029126
2011,cordoba,995,2.4268351874028964,412.059296482412
2011,coruña,1483,2.489725475448587,401.6507080242751
2011,cuenca,348,8.654348312650768,115.54885057471265
2011,cuenca,348,3.2196584201469203,310.5919540229885
2011,gerona,605,1.611777430853416,620.4330578512397
2011,granada,1540,3.2943572366760363,303.54935064935063
2011,guadalajara,360,2.8816367696851812,347.025
2011,guipuzcoa,581,1.6051763483757604,622.9845094664372
2011,huelva,711,2.707478123119807,369.3473980309423
2011,huesca,167,1.4892497569936773,671.4790419161677
2011,islas baleares,1559,2.806293730210589,356.3418858242463
2011,jaen,783,2.321953881191877,430.6717752234993
2011,las palmas,2372,4.346400019056729,230.0754637436762
2011,leon,587,2.3066373785282317,433.5315161839864
2011,lerida,294,1.3553383735939517,737.8231292517006
2011,lugo,373,2.0644689942217007,484.3860589812332
2011,madrid,15518,4.622805522819703,216.3188555226189
2011,malaga,2733,3.3139283206883463,301.7566776436151
2011,melilla,136,3.5583464154892726,281.02941176470586
2011,murcia,1989,2.7303126475659174,366.2584213172448
2011,navarra,824,2.5638233326591893,390.0424757281553
2011,orense,294,1.7025022149901268,587.3707482993198
2011,palencia,166,1.9179664933564413,521.3855421686748
2011,pontevedra,1169,2.352964856487259,424.9957228400342
2011,rioja,410,2.540697638390561,393.59268292682924
2011,salamanca,480,2.6607243822130573,375.83750000000003
2011,santa cruz de tenerife,1921,3.698220580279879,270.4003123373243
2011,segovia,216,2.6600330041131994,375.93518518518516
2011,sevilla,3572,3.6330497683066247,275.2508398656215
2011,soria,88,1.8772932844099326,532.6818181818181
2011,tarragona,850,2.11617027950875,472.55176470588236
2011,teruel,91,1.2889700987266108,775.8131868131868
2011,toledo,1051,3.0140003326584575,331.7849666983825
2011,valencia,3918,3.003785782080631,332.9132210311384
2011,valladolid,861,3.1623602005399154,316.2195121951219
2011,vizcaya,1142,1.9174135400961059,521.5359019264448
2011,zamora,220,2.258958825341411,442.6818181818182
2011,zaragoza,1147,2.3300174091100225,429.1813426329556
2012,alava,244,1.5070286829557527,663.5573770491803
2012,albacete,297,1.4761651515678662,677.4309764309766
2012,alicante,2256,2.314622442603827,432.03590425531917
2012,almeria,667,1.9351731501253364,516.7496251874063
2012,asturias,1200,2.139266231682533,467.45
2012,avila,248,2.9234595843500606,342.06048387096774
2012,badajoz,806,2.303890602355914,434.04838709677415
2012,barcelona,5633,1.9907013432021416,502.33552281200076
2012,burgos,345,1.8563757089202888,538.6840579710146
2012,caceres,503,2.4186994801959965,413.44532803180914
2012,cadiz,1229,1.9555179338019788,511.373474369406
2012,cantabria,621,2.0436908859943,489.3107890499195
2012,castellon,650,2.1549080517310544,464.05692307692306
2012,ciudad real,480,1.80327068219984,554.5479166666667
2012,cordoba,748,1.8279659235871144,547.0561497326203
2012,coruña,1191,2.0053813592141463,498.65827036104116
2012,cuenca,272,2.5284450063211126,395.49999999999994
2012,cuenca,272,6.622839055271488,150.9926470588235
2012,gerona,533,1.4093109712082792,709.5666041275798
2012,granada,1208,2.5883199917722277,386.35099337748346
2012,guadalajara,249,1.9679438543247345,508.144578313253
2012,guipuzcoa,421,1.1583691483097716,863.2826603325416
2012,huelva,509,1.9317474534331214,517.6660117878192
2012,huesca,134,1.195393275466783,836.5447761194031
2012,islas baleares,1236,2.2097155974455975,452.546925566343
2012,jaen,655,1.9493119375267844,513.0015267175572
2012,las palmas,1910,3.4814118127401446,287.23979057591623
2012,leon,480,1.8994705225918276,526.4625
2012,lerida,321,1.4745942568917758,678.1526479750779
2012,lugo,299,1.6669825942486312,599.886287625418
2012,madrid,12335,3.6620640740974952,273.0700445885691
2012,malaga,2074,2.4910788389218457,401.43249758919967
2012,melilla,128,3.262559579945454,306.5078125
2012,murcia,1527,2.0868581237136508,479.1892599869024
2012,navarra,696,2.1540451792406987,464.2428160919541
2012,orense,276,1.6132614769525724,619.8623188405797
2012,palencia,116,1.347536679716088,742.0948275862069
2012,pontevedra,790,1.5997731967113524,625.0886075949367
2012,rioja,239,1.4749899713024965,677.9707112970711
2012,salamanca,381,2.1276001675275724,470.01312335958
2012,santa cruz de tenerife,1622,3.1588623421542588,316.56966707768186
2012,segovia,167,2.0615756857516727,485.065868263473
2012,sevilla,2769,2.801041109248696,357.01011195377396
2012,soria,67,1.4395290376640955,694.6716417910447
2012,tarragona,670,1.6594920468224441,602.5940298507463
2012,teruel,63,0.896797153024911,1115.079365079365
2012,toledo,873,2.4889096693998107,401.78235967926685
2012,valencia,3187,2.439244668409677,409.9629745842485
2012,valladolid,633,2.3243090413051384,430.2353870458136
2012,vizcaya,821,1.3745071613329873,727.5334957369062
2012,zamora,199,2.0619197612732094,484.98492462311555
2012,zaragoza,832,1.6800546017745577,595.21875
2013,alava,228,1.409190642479681,709.6271929824561
2013,albacete,331,1.6550744783515259,604.202416918429
2013,alicante,2194,2.246305216977317,445.1754785779398
2013,almeria,712,2.071748852827268,482.68398876404495
2013,asturias,1296,2.3275067840716646,429.64429012345676
2013,avila,296,3.532219570405728,283.1081081081081
2013,badajoz,867,2.4811623401338743,403.0369088811995
2013,barcelona,5347,1.8897184754174026,529.1793529081729
2013,burgos,377,2.042142895834462,489.6816976127321
2013,caceres,561,2.716483388776711,368.1229946524064
2013,cadiz,1371,2.1910688772330205,456.398249452954
2013,cantabria,698,2.3017691965242624,434.4484240687679
2013,castellon,597,1.9853212595649585,503.69681742043554
2013,ciudad real,501,1.897195483084287,527.0938123752495
2013,cordoba,894,2.189925851168328,456.6364653243848
2013,coruña,1222,2.06739504840276,483.7004909983633
2013,cuenca,242,2.3094247432912165,433.00826446280996
2013,cuenca,242,5.885214007782101,169.91735537190084
2013,gerona,478,1.2613901152403897,792.7761506276152
2013,granada,1190,2.5555729744936637,391.3016806722689
2013,guadalajara,302,2.3982148387557873,416.97682119205297
2013,guipuzcoa,391,1.0733884760354355,931.6291560102303
2013,huelva,607,2.3143117496120573,432.09390444810543
2013,huesca,145,1.299888837092552,769.2965517241379
2013,islas baleares,1219,2.1882309436319605,456.9901558654635
2013,jaen,751,2.2457395241185245,445.2876165113183
2013,las palmas,1880,3.4129692832764507,293.0
2013,leon,562,2.2428593663323664,445.8594306049822
2013,lerida,219,1.008584481615209,991.4885844748858
2013,lugo,294,1.6517596296462762,605.4149659863946
2013,madrid,13043,3.8682293012067346,258.5162155945718
2013,malaga,2168,2.5836559924015727,387.0484317343173
2013,melilla,86,2.1149968029118096,472.8139534883721
2013,murcia,1425,1.9461709598515173,513.8294736842105
2013,navarra,652,2.0151818608906362,496.23312883435585
2013,orense,282,1.6656920596105116,600.3510638297872
2013,palencia,169,1.9821954280486516,504.4911242603551
2013,pontevedra,916,1.8601062047538304,537.6037117903929
2013,rioja,299,1.847184125336694,541.3645484949833
2013,salamanca,383,2.1687674832104555,461.09138381201046
2013,santa cruz de tenerife,1730,3.375366071132426,296.26416184971094
2013,segovia,130,1.6228902426845102,616.1846153846154
2013,sevilla,3331,3.362751095846987,297.37556289402585
2013,soria,75,1.632031335001632,612.7333333333333
2013,tarragona,713,1.7704300928420493,564.8345021037868
2013,teruel,90,1.2921009561547074,773.9333333333334
2013,toledo,824,2.3592874035813067,423.8567961165048
2013,valencia,3395,2.6078193099994316,383.46215022091314
2013,valladolid,776,2.8564592420812396,350.083762886598
2013,vizcaya,848,1.4207353645828098,703.8608490566038
2013,zamora,183,1.9276550024227357,518.7650273224044
2013,zaragoza,984,1.9840269698625494,504.0254065040651
2014,alava,276,1.7000412691177647,588.2210144927536
2014,albacete,394,1.9823201195429594,504.4593908629442
2014,alicante,3106,3.30454007207004,302.61397295556986
2014,almeria,996,2.886747337149482,346.41064257028114
2014,asturias,1259,2.273264852508626,439.89594916600475
2014,avila,224,2.698242528638713,370.6116071428571
2014,badajoz,905,2.598521283468523,384.83425414364643
2014,barcelona,6294,2.228166517036588,448.79949157928183
2014,burgos,410,2.2402168092755903,446.3853658536585
2014,caceres,518,2.5177286005220156,397.1833976833977
2014,cadiz,1776,2.8332814855584005,352.94763513513516
2014,cantabria,832,2.756116790448995,362.82932692307696
2014,castellon,749,2.541533199413649,393.4632843791722
2014,ciudad real,499,1.9067999006477006,524.438877755511
2014,cordoba,1073,2.637932136552938,379.0848089468779
2014,coruña,903,1.5339924574457242,651.8936877076412
2014,cuenca,281,6.753346631738326,148.0747330960854
2014,cuenca,281,2.7317888842440916,366.06049822064057
2014,gerona,444,1.1777781904127795,849.0563063063063
2014,granada,1500,3.218552595440813,310.69866666666667
2014,guadalajara,354,2.826821263445368,353.7542372881356
2014,guipuzcoa,445,1.2187306577859087,820.5258426966292
2014,huelva,777,2.9691960242579873,336.7915057915058
2014,huesca,156,1.4045323177484268,711.9807692307692
2014,islas baleares,1388,2.5070397604223675,398.87680115273776
2014,jaen,770,2.316137765077455,431.75324675324674
2014,las palmas,2161,3.930084148539358,254.44747801943544
2014,leon,523,2.107536761002107,474.48757170172087
2014,lerida,234,1.0827819166165378,923.5470085470087
2014,lugo,412,2.3352964182674594,428.2111650485437
2014,madrid,15776,4.702517199987242,212.65206643002028
2014,malaga,2727,3.308145170192969,302.28419508617526
2014,melilla,109,2.6306897716850894,380.1284403669725
2014,murcia,1792,2.451674512845981,407.88448660714283
2014,navarra,774,2.401459491660048,416.4134366925065
2014,orense,281,1.680591855409293,595.0284697508897
2014,palencia,195,2.3046376400510566,433.90769230769234
2014,pontevedra,1305,2.6591842723004695,376.05517241379306
2014,rioja,395,2.454757880083524,407.37215189873416
2014,salamanca,438,2.497177846953785,400.45205479452056
2014,santa cruz de tenerife,1758,3.4566765176048655,289.2952218430034
2014,segovia,191,2.418119437375771,413.54450261780096
2014,sevilla,3675,3.7103522361056145,269.5161904761905
2014,soria,56,1.2308233328937537,812.4642857142857
2014,tarragona,797,1.9958530330956006,501.03889585947303
2014,teruel,72,1.0447501305937663,957.1666666666666
2014,toledo,1029,2.9723819785260566,336.4305150631681
2014,valencia,4374,3.3772410704634246,296.09967992684045
2014,valladolid,822,3.041155491098516,328.8223844282238
2014,vizcaya,1175,1.9743485909872247,506.49617021276595
2014,zamora,198,2.1162663930483854,472.53030303030306
2014,zaragoza,1053,2.155860747365059,463.85185185185196
2015,alava,377,2.307871248944011,433.2997347480106
2015,albacete,444,2.247350252573823,444.9684684684685
2015,alicante,3823,4.092591264356988,244.34397070363588
2015,almeria,1137,3.2941912716968993,303.5646437994723
2015,asturias,1474,2.684617542172537,372.4925373134328
2015,avila,261,3.181181059174843,314.3486590038314
2015,badajoz,914,2.6389185630886316,378.9431072210066
2015,barcelona,8096,2.8632440243573796,349.25419960474306
2015,burgos,538,2.958319586495106,338.0297397769517
2015,caceres,611,2.9868257033216823,334.80360065466454
2015,cadiz,2040,3.252602879510196,307.44607843137254
2015,cantabria,886,2.949489165787257,339.04176072234765
2015,castellon,871,2.9766888693708626,335.94374282433984
2015,ciudad real,527,2.033634069351938,491.73055028463
2015,cordoba,1145,2.8267975469816222,353.75720524017464
2015,coruña,919,1.5685163439744394,637.5451577801958
2015,cuenca,364,3.5947776965770606,278.18131868131866
2015,cuenca,364,8.769816412085,114.02747252747253
2015,gerona,655,1.741474749945496,574.2259541984732
2015,granada,1890,4.061110036743377,246.23809523809524
2015,guadalajara,465,3.727933041512338,268.2451612903226
2015,guipuzcoa,559,1.5271763629161146,654.8032200357782
2015,huelva,862,3.286087878071654,304.3132250580046
2015,huesca,216,1.9585974266206032,510.56944444444446
2015,islas baleares,1626,2.930780586192166,341.2060270602706
2015,jaen,825,2.497661280800705,400.37454545454545
2015,las palmas,2652,4.825705067900145,207.223604826546
2015,leon,665,2.706211263536143,369.52030075187974
2015,lerida,319,1.481584691839673,674.9529780564263
2015,lugo,499,2.8550014017541954,350.2625250501002
2015,madrid,17841,5.325712975682796,187.76828653102405
2015,malaga,3297,3.980893642402977,251.19987867758567
2015,melilla,133,3.167345383534567,315.7218045112782
2015,murcia,2263,3.092146794305968,323.399911621741
2015,navarra,836,2.5915168123103247,385.8744019138756
2015,orense,318,1.9232164888598593,519.9622641509434
2015,palencia,212,2.529742371991456,395.29716981132077
2015,pontevedra,1979,4.044884110697788,247.2258716523497
2015,rioja,421,2.625998003992016,380.80760095011874
2015,salamanca,522,2.9997241632953293,333.3639846743295
2015,santa cruz de tenerife,2253,4.439006513695311,225.2756324900133
2015,segovia,189,2.4164162884357223,413.83597883597884
2015,sevilla,4318,4.357685441314047,229.4796201945345
2015,soria,49,1.0906096285250062,916.9183673469388
2015,tarragona,1015,2.5542880582629333,391.4985221674877
2015,teruel,110,1.6099053082968666,621.1545454545454
2015,toledo,1343,3.9061363861112564,256.00744601638127
2015,valencia,5125,3.9631906584696286,252.3219512195122
2015,valladolid,1146,4.255650992056861,234.98167539267016
2015,vizcaya,1364,2.2965166691079784,435.44208211143695
2015,zamora,237,2.5608332973159875,390.4978902953586
2015,zaragoza,1361,2.797245915116638,357.49448934606903
2016,alava,387,2.3613975568382903,423.47803617571054
2016,albacete,473,2.409859535248654,414.96194503171245
2016,alicante,3420,3.6961544862885636,270.5514619883041
2016,almeria,1108,3.201627397608604,312.34115523465704
2016,asturias,1659,3.0454001424490964,328.36407474382156
2016,avila,278,3.437020918846743,290.9496402877698
2016,badajoz,1028,2.978337519809711,335.7577821011673
2016,barcelona,8562,3.017010059166802,331.45398271431907
2016,burgos,622,3.444513974647934,290.31672025723475
2016,caceres,574,2.8223030779821023,354.3205574912892
2016,cadiz,2097,3.344332257894745,299.0133524082022
2016,cantabria,895,2.9911302127545802,334.3217877094972
2016,castellon,867,2.974852715625354,336.1510957324106
2016,ciudad real,641,2.5035052979796206,399.4399375975039
2016,cordoba,1231,3.0535297911395545,327.4898456539399
2016,coruña,1691,2.8959396904718275,345.3110585452395
2016,cuenca,305,7.318887529095578,136.6327868852459
2016,cuenca,305,3.050793206233621,327.783606557377
2016,gerona,680,1.8054711084796076,553.8720588235294
2016,granada,1907,4.107753681253824,243.44205558468798
2016,guadalajara,494,3.964146143784556,252.26113360323885
2016,guipuzcoa,529,1.4420691647993369,693.4480151228734
2016,huelva,925,3.530197500238527,283.27027027027026
2016,huesca,231,2.1099358798706636,473.94805194805195
2016,islas baleares,2055,3.6924702356353025,270.8214111922141
2016,jaen,952,2.9078646743313743,343.8949579831933
2016,las palmas,2330,4.237349783222277,235.99656652360514
2016,leon,739,3.0426923916220967,328.65629228687413
2016,lerida,322,1.503801535558835,664.9813664596273
2016,lugo,396,2.2840926787908153,437.810606060606
2016,madrid,18800,5.581342877033813,179.1683510638298
2016,malaga,3414,4.1198646502580045,242.72642062097245
2016,melilla,119,2.816034833640967,355.10924369747903
2016,murcia,2368,3.2381046148460535,308.82263513513516
2016,navarra,864,2.6765218845935803,373.619212962963
2016,orense,422,2.579036467086728,387.7417061611375
2016,palencia,231,2.7819594147046427,359.45887445887445
2016,pontevedra,1524,3.1242632663311434,320.0754593175853
2016,rioja,398,2.4902236821523545,401.57035175879395
2016,salamanca,536,3.1095537558304134,321.58955223880594
2016,santa cruz de tenerife,2346,4.607100354664247,217.05626598465474
2016,segovia,184,2.377844690557114,420.54891304347825
2016,sevilla,4347,4.389388323035554,227.82217621348056
2016,soria,85,1.9124760940488246,522.8823529411765
2016,tarragona,1157,2.9175765706245174,342.7502160760588
2016,teruel,141,2.089724778800409,478.53191489361706
2016,toledo,1342,3.9239766081871346,254.8435171385991
2016,valencia,5632,4.350744810122279,229.84570312500003
2016,valladolid,1022,3.812181074870938,262.3170254403131
2016,vizcaya,1350,2.275661880472124,439.4325925925926
2016,zamora,232,2.5470714168084756,392.60775862068965
2016,zaragoza,1406,2.9025478837824785,344.5248933143669
2017,alava,322,1.9489165960537465,513.1055900621118
2017,albacete,384,1.9663165872117732,508.5651041666667
2017,alicante,3326,3.6127787656375427,276.7952495490078
2017,almeria,896,2.5821623304015033,387.2723214285714
2017,asturias,1627,3.0071213513008987,332.5439459127228
2017,avila,371,4.635993302176793,215.70350404312666
2017,badajoz,774,2.254469617089695,443.5633074935401
2017,barcelona,8276,2.8963231115105397,345.2653455775737
2017,burgos,475,2.649900698458037,377.37263157894733
2017,caceres,414,2.054162407835588,486.8164251207729
2017,cadiz,1853,2.954193264503128,338.50188882892604
2017,cantabria,790,2.6466814300120274,377.83164556962026
2017,castellon,877,3.0241066471726152,330.67616875712656
2017,ciudad real,492,1.935103244837758,516.7682926829268
2017,cordoba,1019,2.5380900312092916,393.99705593719335
2017,coruña,1681,2.883446000998314,346.807257584771
2017,cuenca,289,2.922232221402065,342.20415224913495
2017,cuenca,289,6.8932617769827065,145.06920415224914
2017,gerona,645,1.7058933988537455,586.2031007751938
2017,granada,1525,3.2929043848530717,303.6832786885246
2017,guadalajara,403,3.2247997503380836,310.0967741935484
2017,guipuzcoa,563,1.5298081625998585,653.6767317939609
2017,huelva,749,2.8662505692320055,348.8878504672897
2017,huesca,218,2.002792885491695,499.30275229357795
2017,islas baleares,1641,2.924747894217162,341.90981109079826
2017,jaen,784,2.4119069446922663,414.609693877551
2017,las palmas,2312,4.190197258248092,238.65224913494808
2017,leon,670,2.7886804546797803,358.59253731343284
2017,lerida,317,1.485995546701043,672.9495268138801
2017,lugo,275,1.600148959321304,624.9418181818182
2017,madrid,17939,5.289147326590916,189.0663916606277
2017,malaga,3005,3.62020277954471,276.2276206322795
2017,melilla,100,2.3534395519051095,424.90999999999997
2017,murcia,2138,2.9126676520874346,343.3278765201122
2017,navarra,853,2.628149234509171,380.49589683470106
2017,orense,304,1.8766474680692138,532.8651315789474
2017,palencia,294,3.565927201717467,280.43197278911566
2017,pontevedra,1213,2.490176837454887,401.57790601813684
2017,rioja,378,2.3643767240246945,422.94444444444446
2017,salamanca,556,3.245199322944026,308.1474820143885
2017,santa cruz de tenerife,2253,4.406897684862805,226.91699955614735
2017,segovia,170,2.2152434813202855,451.4176470588235
2017,sevilla,3631,3.6650482986948756,272.8477003580281
2017,soria,70,1.5939157957055354,627.3857142857142
2017,tarragona,1054,2.6563303325705414,376.4592030360531
2017,teruel,123,1.8391698316337213,543.7235772357724
2017,toledo,1141,3.342972579421235,299.1349693251534
2017,valencia,5019,3.876627619755276,257.9561665670452
2017,valladolid,1005,3.764270518083481,265.6557213930348
2017,vizcaya,1199,2.018474343154106,495.42368640533783
2017,zamora,190,2.1206303852850574,471.5578947368421
2017,zaragoza,1193,2.4490432719053885,408.3227158424141
2018,alava,323,1.937693844372589,516.077399380805
2018,albacete,367,1.8856485192264216,530.3215258855586
2018,alicante,3074,3.3134926195562895,301.7963565387118
2018,almeria,920,2.6435186382430946,378.2836956521739
2018,asturias,1374,2.55625053487775,391.19796215429403
2018,avila,269,3.406788247213779,293.53159851301115
2018,badajoz,781,2.2853631415696145,437.5672215108835
2018,barcelona,9547,3.3196749243015367,301.23431444432805
2018,burgos,574,3.2114942400116373,311.3815331010453
2018,caceres,507,2.536674204975284,394.21696252465483
2018,cadiz,1597,2.545600033154966,392.83469004383215
2018,cantabria,771,2.581487619908593,387.3735408560311
2018,castellon,710,2.4437338877052652,409.2098591549296
2018,ciudad real,469,1.8578377778834116,538.2601279317697
2018,cordoba,975,2.436555834614087,410.4153846153846
2018,coruña,1398,2.3991186070696777,416.81974248927037
2018,cuenca,260,6.195343960731051,161.41153846153844
2018,cuenca,260,2.647037862822353,377.78076923076924
2018,gerona,594,1.5580041809068423,641.8468013468013
2018,granada,1352,2.921619770203368,342.2758875739645
2018,guadalajara,357,2.845664546367593,351.4117647058823
2018,guipuzcoa,496,1.3445523941707147,743.741935483871
2018,huelva,757,2.8868998813968476,346.39233817701455
2018,huesca,180,1.655233295937322,604.1444444444444
2018,islas baleares,1533,2.703203110535086,369.93150684931504
2018,jaen,601,1.863277011316075,536.6888519134775
2018,las palmas,2285,4.105134562178865,243.59737417943109
2018,leon,552,2.3183536329273418,431.3405797101449
2018,lerida,305,1.4295289116363654,699.5311475409836
2018,lugo,254,1.4881649871103821,671.9685039370079
2018,madrid,16120,4.699424845206135,212.79199751861043
2018,malaga,2781,3.325508841118165,300.7058612010068
2018,melilla,86,2.017879349585866,495.5697674418604
2018,murcia,2075,2.8102594106445853,355.8390361445783
2018,navarra,694,2.1217726279101763,471.3040345821326
2018,orense,311,1.9332740711270802,517.2572347266881
2018,palencia,237,2.9004307812805954,344.7763713080169
2018,pontevedra,1094,2.2469925422029977,445.03930530164536
2018,rioja,329,2.057317233314782,486.0699088145897
2018,salamanca,482,2.8285057039575605,353.5435684647303
2018,santa cruz de tenerife,2269,4.38850131422946,227.86822388717493
2018,segovia,217,2.841690347419562,351.9032258064516
2018,sevilla,3245,3.273849158787233,305.4508474576271
2018,soria,92,2.100456621004566,476.0869565217392
2018,tarragona,905,2.2668012553820875,441.1502762430939
2018,teruel,105,1.5786624969930239,633.447619047619
2018,toledo,1179,3.448790290733899,289.95674300254456
2018,valencia,4511,3.47251356558863,287.975836843272
2018,valladolid,1029,3.8612356704628605,258.98445092322646
2018,vizcaya,1152,1.9369515543531808,516.2751736111111
2018,zamora,191,2.1647965544599344,461.9371727748691
2018,zaragoza,1168,2.3935799595058733,417.7842465753424
2019,alava,309,1.838738470693246,543.8511326860842
2019,albacete,305,1.5700930730582325,636.9049180327869
2019,alicante,3004,3.2033509354125966,312.1731025299601
2019,almeria,769,2.1901406645610177,456.59167750325093
2019,asturias,1338,2.502510927444016,399.5986547085202
2019,avila,240,3.054639870686912,327.37083333333334
2019,badajoz,675,1.982687466771627,504.36592592592586
2019,barcelona,10434,3.595587703186544,278.11865056545906
2019,burgos,467,2.612909001387583,382.7152034261242
2019,caceres,435,2.1885360957522275,456.92643678160925
2019,cadiz,1420,2.259836655187121,442.50985915492953
2019,cantabria,701,2.342311637713556,426.92867332382315
2019,castellon,812,2.7819175360158965,359.4642857142857
2019,ciudad real,461,1.837502590838794,544.2169197396963
2019,cordoba,822,2.0591749772664074,485.6313868613139
2019,coruña,1243,2.1316147796531113,469.1279163314561
2019,cuenca,277,2.832687371532003,353.0216606498195
2019,cuenca,277,6.616505434133524,151.13718411552347
2019,gerona,556,1.4413629694151073,693.7877697841727
2019,granada,1194,2.5725939029093583,388.71273031825797
2019,guadalajara,381,2.9946238249441945,333.93175853018374
2019,guipuzcoa,436,1.177700404902043,849.1123853211009
2019,huelva,628,2.3836906971536154,419.51751592356686
2019,huesca,150,1.3732113921617095,728.22
2019,islas baleares,1367,2.370370884146606,421.8749085588881
2019,jaen,599,1.8706590716034577,534.5709515859767
2019,las palmas,2227,3.9581822576746433,252.6412213740458
2019,leon,506,2.1417354829698168,466.91106719367593
2019,lerida,286,1.3361239325023826,748.4335664335664
2019,lugo,206,1.2124707918140565,824.7621359223301
2019,madrid,14406,4.144321106349045,241.29404414827158
2019,malaga,2611,3.0810586286162023,324.56376867100727
2019,melilla,87,2.0425891578428383,489.57471264367814
2019,murcia,1671,2.2390969645563414,446.6086175942549
2019,navarra,635,1.9208489244758502,520.6031496062992
2019,orense,222,1.3863822293276047,721.3018018018017
2019,palencia,174,2.1435963139999012,466.5057471264368
2019,pontevedra,890,1.8260942716038238,547.6168539325843
2019,rioja,380,2.3658471289199907,422.6815789473684
2019,salamanca,379,2.2326293776324704,447.9023746701847
2019,santa cruz de tenerife,2062,3.929220672807583,254.5033947623666
2019,segovia,200,2.620682425703653,381.58
2019,sevilla,2994,3.0145684001945274,331.7224448897796
2019,soria,80,1.8255670667701154,547.775
2019,tarragona,834,2.0673961220209915,483.70023980815347
2019,teruel,86,1.298897447515481,769.8837209302326
2019,toledo,1069,3.09179358734823,323.4368568755847
2019,valencia,4523,3.4559060617035486,289.35971700198985
2019,valladolid,838,3.146472421432058,317.8162291169451
2019,vizcaya,1009,1.6917069473994826,591.1189296333004
2019,zamora,224,2.5688662584004223,389.2767857142857
2019,zaragoza,1092,2.2143184481926537,451.6062271062271
2020,alava,321,1.8947442980592153,527.7757009345794
2020,albacete,379,1.9517068423031172,512.3720316622691
2020,alicante,3337,3.519923378113819,284.09709319748276
2020,almeria,882,2.474837746606919,404.0668934240363
2020,asturias,1482,2.781959685987708,359.45883940620786
2020,avila,291,3.70441092228375,269.9484536082474
2020,badajoz,819,2.409298302900866,415.05860805860806
2020,barcelona,12524,4.261188682467951,234.67630150111785
2020,burgos,491,2.741913867047891,364.70875763747455
2020,caceres,378,1.9113497770091927,523.1904761904761
2020,cadiz,1721,2.7296316504041314,366.3497966298664
2020,cantabria,767,2.553721374681201,391.58539765319426
2020,castellon,1138,3.8603620870379354,259.04305799648506
2020,ciudad real,498,1.9903838083476215,502.4156626506024
2020,cordoba,887,2.225483923575828,449.34047350620074
2020,coruña,1442,2.4690343370420216,405.0166435506241
2020,cuenca,297,7.129140662506001,140.26936026936028
2020,cuenca,297,3.039638109079,328.986531986532
2020,gerona,624,1.5975217931158077,625.9695512820513
2020,granada,1428,3.0606143090148805,326.7317927170869
2020,guadalajara,427,3.306079469788473,302.4730679156909
2020,guipuzcoa,488,1.3118596955302682,762.2766393442623
2020,huelva,636,2.4019759651335817,416.32389937106916
2020,huesca,169,1.5334639953542393,652.1183431952663
2020,islas baleares,1680,2.860816184045841,349.55059523809524
2020,jaen,733,2.2976831955663806,435.2210095497954
2020,las palmas,2619,4.607905751700914,217.01832760595644
2020,leon,651,2.775705118639009,360.26881720430106
2020,lerida,305,1.417325761870684,705.5540983606558
2020,lugo,267,1.5789100198694295,633.3483146067416
2020,madrid,15914,4.500444699590933,222.2002639185623
2020,malaga,3247,3.773519123269841,265.00461964890667
2020,melilla,107,2.4933588106445446,401.06542056074767
2020,murcia,2074,2.74865085507692,363.8148505303761
2020,navarra,747,2.236721152435391,447.0829986613119
2020,orense,297,1.861228787005239,537.2794612794612
2020,palencia,217,2.683518005540166,372.6451612903226
2020,pontevedra,1104,2.2578718739518484,442.89492753623193
2020,rioja,363,2.2396485664398225,446.4986225895317
2020,salamanca,464,2.7404379975903046,364.9051724137931
2020,santa cruz de tenerife,2264,4.260476179722843,234.7155477031802
2020,segovia,202,2.642422656812087,378.44059405940595
2020,sevilla,3498,3.506682545983856,285.1698113207547
2020,soria,92,2.0929544782400984,477.79347826086956
2020,tarragona,1045,2.5573256980642634,391.0334928229665
2020,teruel,75,1.1329134000996963,882.6800000000001
2020,toledo,1214,3.4663529626753165,288.48764415156506
2020,valencia,4958,3.7492182826946885,266.72226704316256
2020,valladolid,1119,4.189300996971274,238.70330652368187
2020,vizcaya,1075,1.7927273636901833,557.8093023255814
2020,zamora,177,2.0529117711873255,487.1129943502824
2020,zaragoza,1267,2.549675404386166,392.2067876874507
2021,alava,350,2.0664328645482777,483.9257142857143
2021,albacete,440,2.276737435255279,439.22499999999997
2021,alicante,3987,4.197973348607626,238.2101830950589
2021,almeria,948,2.643201284796574,378.32911392405066
2021,asturias,1746,3.2997749122611397,303.0509736540664
2021,avila,316,4.007152005478131,249.5537974683545
2021,badajoz,967,2.8531975286057394,350.4839710444674
2021,barcelona,14135,4.834991174901145,206.8256101874779
2021,burgos,427,2.3970584107558874,417.1779859484778
2021,caceres,544,2.7669411567238194,361.40992647058823
2021,cadiz,1811,2.866068659040698,348.9099944781889
2021,cantabria,883,2.932298118082284,341.0294450736127
2021,castellon,1089,3.6834218955585847,271.4866850321396
2021,ciudad real,558,2.242512900477438,445.9283154121864
2021,cordoba,918,2.3163334308985757,431.71677559912854
2021,coruña,1659,2.8449916828151527,351.4948764315853
2021,cuenca,285,6.899222929627926,144.9438596491228
2021,cuenca,285,2.9261381137189675,341.74736842105267
2021,gerona,765,1.947422147662966,513.4993464052287
2021,granada,1374,2.938063315905956,340.3602620087336
2021,guadalajara,410,3.1306313185302828,319.42439024390245
2021,guipuzcoa,557,1.5000700212218165,666.6355475763016
2021,huelva,742,2.797318796323524,357.4851752021563
2021,huesca,197,1.780275987962804,561.7106598984772
2021,islas baleares,1573,2.6744650644813017,373.9065479974571
2021,jaen,756,2.3858590512738784,419.13624338624334
2021,las palmas,3078,5.42610240842791,184.2943469785575
2021,leon,645,2.7780888471577354,359.9596899224806
2021,lerida,369,1.7117330253141656,584.2032520325203
2021,lugo,300,1.7844290719184397,560.4033333333333
2021,madrid,17387,4.937313132764512,202.53931097946744
2021,malaga,3177,3.6699685216738382,272.4819011646207
2021,melilla,102,2.391110694359792,418.2156862745098
2021,murcia,2421,3.1934089937793817,313.1449814126394
2021,navarra,912,2.729950429847458,366.3070175438597
2021,orense,322,2.028627589335215,492.94409937888196
2021,palencia,208,2.5908671931441667,385.97115384615387
2021,pontevedra,1282,2.6250857452929672,380.9399375975039
2021,rioja,432,2.667111185197533,374.93749999999994
2021,salamanca,433,2.5702820780700923,389.0623556581986
2021,santa cruz de tenerife,2694,5.06861634675808,197.29250185597627
2021,segovia,230,3.0029245874242743,333.0086956521739
2021,sevilla,3443,3.454160392227286,289.505954109788
2021,soria,79,1.802541812124946,554.7721518987341
2021,tarragona,1224,2.973378063563244,336.3178104575164
2021,teruel,111,1.6752694014307705,596.918918918919
2021,toledo,1304,3.6942079691771603,270.694018404908
2021,valencia,5681,4.299387520802573,232.59126914275654
2021,valladolid,922,3.4594286314620404,289.0650759219089
2021,vizcaya,1394,2.33532914068599,428.2051649928264
2021,zamora,204,2.3950970953577384,417.51960784313724
2021,zaragoza,1516,3.068217236256775,325.9221635883905
2022,alava,433,,
2022,albacete,474,,
2022,alicante,3824,,
2022,almeria,948,,
2022,asturias,2635,,
2022,avila,280,,
2022,badajoz,1154,,
2022,barcelona,14546,,
2022,burgos,486,,
2022,caceres,659,,
2022,cadiz,1796,,
2022,cantabria,1238,,
2022,castellon,1225,,
2022,ciudad real,546,,
2022,cordoba,826,,
2022,coruña,2169,,
2022,cuenca,342,,
2022,gerona,714,,
2022,granada,1433,,
2022,guadalajara,479,,
2022,guipuzcoa,570,,
2022,huelva,723,,
2022,huesca,336,,
2022,islas baleares,1736,,
2022,jaen,721,,
2022,las palmas,4199,,
2022,leon,717,,
2022,lerida,362,,
2022,lugo,441,,
2022,madrid,25129,,
2022,malaga,3253,,
2022,melilla,157,,
2022,murcia,3112,,
2022,navarra,1218,,
2022,orense,398,,
2022,palencia,242,,
2022,pontevedra,1484,,
2022,rioja,719,,
2022,salamanca,452,,
2022,santa cruz de tenerife,3828,,
2022,segovia,242,,
2022,sevilla,3318,,
2022,soria,145,,
2022,tarragona,1258,,
2022,teruel,130,,
2022,toledo,1354,,
2022,valencia,5356,,
2022,valladolid,1063,,
2022,vizcaya,1230,,
2022,zamora,215,,
2022,zaragoza,2076,,
2023,alava,277,,
2023,albacete,372,,
2023,alicante,3093,,
2023,almeria,743,,
2023,asturias,1904,,
2023,avila,231,,
2023,badajoz,945,,
2023,barcelona,12483,,
2023,burgos,454,,
2023,caceres,524,,
2023,cadiz,1413,,
2023,cantabria,906,,
2023,castellon,873,,
2023,ciudad real,410,,
2023,cordoba,775,,
2023,coruña,1783,,
2023,cuenca,287,,
2023,gerona,608,,
2023,granada,1188,,
2023,guadalajara,393,,
2023,guipuzcoa,494,,
2023,huelva,497,,
2023,huesca,239,,
2023,islas baleares,1662,,
2023,jaen,551,,
2023,las palmas,3132,,
2023,leon,526,,
2023,lerida,336,,
2023,lugo,360,,
2023,madrid,19537,,
2023,malaga,2634,,
2023,melilla,87,,
2023,murcia,2403,,
2023,navarra,931,,
2023,orense,429,,
2023,palencia,173,,
2023,pontevedra,1393,,
2023,rioja,575,,
2023,salamanca,382,,
2023,santa cruz de tenerife,3228,,
2023,segovia,215,,
2023,sevilla,2697,,
2023,soria,104,,
2023,tarragona,1013,,
2023,teruel,158,,
2023,toledo,1092,,
2023,valencia,4377,,
2023,valladolid,929,,
2023,vizcaya,1034,,
2023,zamora,192,,
2023,zaragoza,1497,,
